Country,2024 CDI,2025 CDI,2026 CDI,2027 CDI,2028 CDI
Afghanistan,124.412513902802,133.58495569273452,138.74726343805548,139.732297900352,140.907617193723
Africa,152.334437657195,153.950801186861,155.24170220407998,156.348719336066,157.44903408121098
Africa (GCP),144.03662430249224,145.10728434613222,145.93895717519223,146.6616116747522,147.18783296574622
Albania,257.57755216482997,261.119417748864,264.96742525207804,267.08538343404,268.33778913901995
Algeria,218.19129914551598,216.93474354556997,216.67809996999998,217.29226974903997,218.17222135560797
Andorra,372.88411548212997,377.22901431636996,387.21681377989,398.74343752132,408.09515412665996
Angola,943.003983118049,937.313242508675,920.1402167880175,906.0105699656715,899.3504972165546
Anguilla,175.97326287589598,192.24982616622398,213.46662127631603,239.58784697418398,264.496988738086
Antarctica,526.1412163671798,522.7866102596264,514.7833337012984,505.63698378873204,500.7062504438827
Antigua and Barbuda,265.98592295381303,265.38923897465753,265.83286569880755,265.8459999383855,265.3624461736595
Argentina,419.97130350160995,419.6210943166119,417.45695071881,415.15431437036796,413.207337073224
Armenia,255.19530916568996,259.784152398237,264.3554670452044,268.33730385792796,271.5707674517905
Aruba,748.9183359258718,748.0872757475478,754.6580561153819,756.7294678775999,756.2765025819039
Asia,1386.253192723513,1392.0706589704073,1400.8773561267533,1406.0012952940513,1405.6641054834272
Asia (GCP),1089.1480496674099,1087.3924731071947,1095.749738121734,1098.27049337131,1094.864338984199
Asia (excl. China and India),276.58596934284,277.37659620942,277.80720096562595,278.15951521356993,278.308491587132
Australia,759.6372751526701,763.72838518076,765.0645105087568,765.3868680391281,765.781617248314
Austria,658.937813199038,658.2193063417349,658.021223005924,657.321616644895,656.0759323719759
Azerbaijan,170.60938461748148,172.78517826737,174.66363990502052,176.201454398051,177.37792052603
Bahamas,544.7190636304641,540.264782761682,538.0496276310121,536.7287103137699,535.0439430239779
Bahrain,286.7529682776991,289.48089172988557,291.6780585779995,293.80332528859174,295.4240306319627
Bangladesh,998.3900443096427,1005.993147090569,1021.539484039045,1028.6807232970332,1030.634589220993
Barbados,289.77336462814634,306.1764215452364,325.92024695175047,349.92965200917644,375.9286616217419
Belarus,182.10431510529,247.52328344437998,308.622625757444,333.11717671011996,341.34521755994
Belgium,2475.1437382180793,2558.260117725137,2624.2664220333963,2676.462040344447,2706.9125990859493
Belize,879.989337696061,1325.525937295698,1714.605531468632,2005.1922325980258,2194.691997153742
Benin,229.053411968548,247.76397970621196,272.03872896465396,301.57253158351006,332.51097798359405
Bermuda,286.7407392195705,293.99267291844046,302.68045751902446,309.91752614312446,316.6744475131295
Bhutan,298.47158420066995,300.85384358526795,306.51889692566,309.038833838126,310.64365560778003
Bolivia,342.20213143253744,343.6112301672055,341.0813680173145,339.48293132717447,338.974510784029
Bonaire Sint Eustatius and Saba,338.4024732024374,339.10702470672044,337.2305118635902,336.0697174475644,335.71225056036417
Bosnia and Herzegovina,681.6098902286378,677.0477115501276,672.6938823779473,669.7192232822474,667.3650914150777
Botswana,332.60019444373694,346.4403380094521,360.971470894282,375.052306981979,389.357171032342
Brazil,206.12273027382847,257.945691112669,271.512785607397,275.5898023808064,275.933839379514
British Virgin Islands,207.13713080786374,265.5662116460197,284.78572152904576,291.08280418366775,293.46635656879175
Brunei,229.81221095403,230.451668366072,233.17340307789,235.16093487326398,235.640402186854
Bulgaria,177.38669493464997,178.804869883646,179.99062107235,180.993086207604,181.762195130774
Burkina Faso,173.32626073088855,180.6736677654718,188.95130218630558,199.17833445465368,210.2272021434164
Burundi,1054.6288800414002,1052.5457484623496,1057.7460958344498,1057.379560151079,1054.5901836754012
Cambodia,359.124039764856,371.91817482423994,391.34034518723996,406.6440837221139,409.447399579214
Cameroon,1773.1872456732117,1761.8325118178543,1757.2128475619745,1755.2955960560337,1755.6604755861792
Canada,214.44030119922996,250.43727197458995,267.20883281751003,273.405730924166,274.058338293656
Cape Verde,432.1916125800766,440.38397703280845,451.81788854822855,459.47642693566263,465.64362453966453
Central African Republic,167.24258631053672,220.85390752434742,251.57795754527763,261.05925928123685,264.0950504636493
Central America (GCP),1495.2164085456961,1511.4323786789842,1512.91469593016,1506.0158570076571,1499.0147141192003
Chad,435.15606478879494,436.7442307424,441.37173166946997,441.57538699234203,440.844541171804
Chile,361.8647077289935,371.0546295113765,380.8967678636875,387.730860177223,392.590909402704
China,265.018480462945,266.135710978494,267.882681732126,268.40002270869,268.32614916193893
Christmas Island,158.79458070042548,170.5010422417145,182.74453584324448,193.61913518633446,192.72032335044446
Colombia,204.39130400044502,246.24551181011998,270.425010461084,279.809570244704,283.624476685596
Comoros,170.51065748099782,217.65234589843533,246.8590927945418,257.1052174007704,262.4919237376398
Congo,438.90362245000165,442.0565496035201,449.453245661115,453.492835313258,455.82698855328107
Cook Islands,182.69560951603,185.96946980456346,189.599511402365,193.742292686254,198.42886414060501
Costa Rica,514.420955641469,539.0666709133859,569.9951929043319,602.1941615699969,638.6267402299635
Cote d'Ivoire,304.136068090025,305.07747630838094,305.13443948215,305.523347979862,305.908662506583
Croatia,501.50667516865707,504.60762231095515,506.2747786832111,506.6708915971351,506.7174853686311
Cuba,830.4880801463956,842.7849898809496,833.5815841208096,822.2663317736093,806.7276807625474
Curacao,537.1053420301739,537.503138808113,540.065445145857,540.1341033115251,539.7209684153952
Cyprus,1428.8293449433802,1464.441970234286,1512.83357671483,1555.2780480661143,1608.2497370731458
Czechia,214.09731230433403,217.111800775606,219.86225760640798,222.41226371764398,224.676475265494
Democratic Republic of Congo,301.7069394090482,303.7582733575692,309.35954622708493,313.2868117658367,316.44131749465737
Denmark,339.810305565262,342.443109836602,348.87046338495196,352.1603251310319,354.93262755512194
Djibouti,247.10523421164598,269.737588156866,293.79690218782997,315.706767403548,326.783184929744
Dominica,403.4445484761551,409.0996575404421,415.5933944827111,420.05490146159207,423.8588932430101
Dominican Republic,347.3318667646337,353.93339670325383,360.63415647854663,365.5501738066123,369.9411777537022
East Timor,317.6435435521158,324.1921013510148,330.6707233043511,335.29859578959827,339.26656749647174
Ecuador,265.6785951199728,267.142017591223,267.02315275666297,267.02582261327905,267.33332031286307
Egypt,214.51525249054433,218.82868899388623,221.55617373024415,224.60274242501418,227.4256717862344
El Salvador,231.6065494732045,235.60644680933402,241.969832749174,245.878922215743,249.342538529293
Equatorial Guinea,272.2576931083249,284.2794443472567,301.96533517071066,323.80779468026606,346.97332015145656
Eritrea,251.11379194612599,276.90082191677897,292.46333566435794,303.960490461473,309.494440566067
Estonia,584.25096820169,584.8548969318739,586.3351178236,586.8816077110099,587.5549851487718
Eswatini,230.81163502201582,245.275288113532,263.95235020954357,285.41085293831554,309.6511923115001
Ethiopia,107.4660102435636,123.47339053514489,145.0568792385637,167.75541244921996,185.28509802085986
Europe,924.6388498839999,930.5429348282589,945.493223942247,952.3724978267038,956.1394976355865
Europe (GCP),663.6249125817681,667.86543206597,675.3791184584279,678.0654777783758,678.6777193940619
Europe (excl. EU-27),359.85492164578994,364.59053902832596,369.02844149631,372.26701186823,375.07938312084997
Europe (excl. EU-28),322.09496389896645,327.448994323048,333.006037767696,336.8181599314504,339.910232055926
European Union (27),853.2648031226429,860.1897978807974,875.0496511139669,882.4392913351941,887.0280457584645
European Union (28),1342.4245402352094,1357.9949892121056,1367.8635912416573,1368.2131442178793,1359.648597286595
Faroe Islands,239.29907361221245,238.60987531266466,240.6138253663122,243.43549633706817,244.1069135882122
Fiji,1074.5054717809796,1073.511645326777,1073.3065112269549,1072.1679732775158,1070.6030050109578
Finland,147.5702445547665,149.10034098551122,149.70788599081132,150.52299568956334,151.2200508931213
France,892.8284627773746,892.6987329529309,903.1438572936754,905.4820360241052,904.7620729423252
French Polynesia,635.9862033158579,631.4984778121699,629.0320320172059,626.2868474608,623.763854999104
Gabon,289.76120906851685,291.49537168586176,293.0331867137488,294.5735425396198,296.0811015286058
Gambia,160.132151918189,172.24696605725384,186.03644595282913,200.3884119142111,212.34372932008912
Georgia,261.24961355259296,269.12172363817615,276.6452635078783,283.6483420256762,290.3952173813452
Germany,1049.599380106344,1048.1346979926082,1054.145876533222,1054.8061651757328,1054.6109808659799
Ghana,210.60328664024485,229.06167197416184,237.62606731376184,247.06017756304806,257.76326105723996
Greece,180.74734918027897,165.46865018767997,162.62393821817,163.47472725475598,168.145332309245
Greenland,601.6962109447999,622.706077623972,631.89411352909,632.213427865142,618.7375300252301
Grenada,603.1684941986658,669.352519634086,667.7427091025219,642.0588436589941,666.530047780924
Guatemala,296.009769261974,298.19784494730595,300.1977531696609,302.622055225686,303.98445761136594
Guinea,607.5908519431069,618.53462008596,663.053677512505,716.604917167331,760.2937057676438
Guinea-Bissau,225.41272541222324,230.9133844861042,240.85101592724524,246.63788286657325,249.83170033249021
Guyana,147.60018713548092,172.78734899163194,204.2510083679499,236.27766555737193,257.496231352267
Haiti,147.6945126973985,180.920188560444,213.76321244145402,235.466973928897,244.86467590110902
High-income countries,999.7394180663199,1375.02985678999,1544.18296745132,1607.723266767864,1630.139176708146
Honduras,195.586262974038,215.81841529800698,243.470523778347,269.2152337008853,279.879545500163
Hong Kong,145.94106229909198,148.708296740021,151.26601486062802,153.60446787076597,155.6667292824515
Hungary,975.01203038659,982.56127072993,998.379226620242,1005.1818989406198,1009.0494162002799
Iceland,195.51682446798765,210.23386061330186,228.31406991193057,246.50917362118213,262.7933966192809
India,1024.3096272434254,1022.9892649779356,1027.508931814842,1026.0271074987095,1027.0071071037391
Indonesia,465.6882956350709,475.91629726719685,488.5408366397111,499.17830505881324,509.04936098186715
International aviation,261.02846063782596,265.65790141949293,270.43508828698043,273.7463339020025,276.5497087600025
International shipping,257.1562618779766,260.9604146133811,264.76665862250053,267.6135581965555,270.15139581872006
International transport,147.642316895369,151.11608429333498,154.64050254953,157.713107729051,159.85857982019698
Iran,146.8528800209765,148.041617583542,149.0185764674465,149.800600512964,150.385945684511
Iraq,145.02620572247656,146.9381919755266,148.67161573360607,150.08304315204208,150.85598945572158
Ireland,1303.8862310668576,1301.4171822948927,1304.8251264880812,1306.538108125501,1304.8822763933435
Israel,220.05726953102348,223.173416252921,226.339871624774,227.32204074097848,228.056430239025
Italy,233.9630885645583,236.37765633936456,239.00421414020465,240.8727513539444,242.18888129315465
Jamaica,258.9132986120661,259.49196090171637,259.8594103882164,259.90461898761635,259.6734115371563
Japan,226.706941250223,228.704864678347,229.86636289843503,230.38628736368898,230.16460817102308
Jordan,2336.2671057007956,2469.8421185301077,2609.44239114837,2732.0107305094957,2856.7248642762597
Kazakhstan,2088.590710572296,2083.80479291534,2108.1882356107517,2123.684706381526,2110.981987334702
Kenya,1029.9304396254674,1047.3880605508496,1075.8621435618188,1091.5721138405806,1101.1659543619517
Kiribati,826.4696044436097,830.2249590967466,821.9428641784796,813.6849106269207,806.1938661535615
Kosovo,267.62086296271093,269.34235558439093,269.6622566772609,269.8582215903814,270.8181392384609
Kuwait,892.8495798883187,894.924513564213,902.3670645381394,906.762606312262,909.672387577354
Kuwaiti Oil Fires,242.7498102375437,247.01082636884271,250.1560822329062,253.0009981116092,255.5568542815532
Kuwaiti Oil Fires (GCP),391.32942714756126,393.9216436731192,395.2579286607912,395.98554182531126,396.49649849601013
Kyrgyzstan,237.30285549639203,313.61309596978026,351.1806509939821,365.684048852016,373.8406775650321
Laos,202.71622561474334,213.08732332398256,223.44290083202534,235.44587238563236,247.83165682293742
Latvia,195.0724044001608,202.1195482629383,208.6322150509023,215.76316065356826,222.73064146862026
Least developed countries (Jones et al.),847.9197043936165,856.0479648351771,866.981994107552,873.6633311224186,878.0242550927506
Lebanon,252.4035576672591,255.16448399895913,257.6278442440151,259.5530544782871,261.5580478169561
Lesotho,711.0731159861771,719.442222528204,735.1714408704538,753.3606433004471,769.2262228073537
Liberia,190.72308988105576,194.02464241725173,196.32933590256775,198.51447809452876,200.35933972809275
Libya,189.83189547074457,198.98214542334452,208.39960530964433,217.3338905540643,225.8653064328243
Liechtenstein,372.72650536259,378.1321349440345,384.065541704218,387.593200331788,390.3514475287675
Lithuania,317.26579760621996,318.5357374893875,321.03864878369546,322.745139514039,323.9249403854475
Low-income countries,275.733390624162,277.571709934303,280.066298437147,281.816834238589,283.14765014443395
Lower-middle-income countries,321.785997725135,323.09882616039005,325.340439125806,326.361918858033,326.69815399063896
Luxembourg,500.49370857597995,504.9085116141969,508.80423994343647,511.70743710058053,514.2551006466074
Macao,186.48269434927,220.52331945154597,260.012654896505,284.96855550748995,295.08497085754
Madagascar,280.54859426867006,279.01658390821495,287.99932351603394,300.135631218248,310.84731825958403
Malawi,129.69244112653044,133.96561498703662,139.10511845010618,143.97970869274076,148.38698485180154
Malaysia,162.39295908183203,205.39744056023997,253.53660564217626,283.8641045666923,294.89730329412225
Maldives,292.6495286058575,291.5003503873645,294.47229224434244,294.79467859671075,296.14853746193467
Mali,549.330991049717,537.7402430428419,522.5082359100929,509.97145738205387,498.303595723831
Malta,552.5054502526427,558.9898558837208,565.7685754385485,570.981978679818,575.8678970801546
Marshall Islands,238.14807476266873,244.54752833450172,251.90469992332876,259.5228952680917,266.85555266864776
Mauritania,101.50079544827551,101.036278069174,100.66076492039599,99.8915620075925,98.9321601465695
Mauritius,183.437918644797,186.82397044416598,189.51996784202902,191.77308649349,193.59338514222003
Mexico,2346.8241599480357,2347.5799223984077,2351.650977548734,2347.849091839214,2344.3441300554664
Micronesia (country),1390.0461539374494,1560.4104914899674,1687.9893646979287,1743.1555510964745,1726.2156782379325
Middle East (GCP),219.78246830922393,292.42408692728134,324.24283756387143,335.34513823658637,339.11639854292935
Moldova,124.10368017975372,124.0395030242597,124.0293230025777,124.12519251736168,124.22089982688571
Monaco,358.9356145098739,361.68483486167395,367.160429555774,371.31141579527394,372.91900976137396
Mongolia,360.6766140050999,356.58187781962005,372.356309905315,376.97239446535997,376.48330591996495
Montenegro,181.8205298595922,230.16810550767724,285.3988485941712,321.41406635660724,334.1126551564962
Montserrat,816.5396949419016,830.1534373266591,855.4409481666852,866.3038812260771,877.2807828109242
Morocco,240.853485641596,240.63986386645203,240.414993281544,240.27222423295,240.29812038442796
Mozambique,168.011104977767,173.92465966042903,182.77459794818398,193.024474135073,203.926562902694
Myanmar,353.3666385508369,354.682069073974,361.614659707639,367.611048280382,370.70401652595
Namibia,340.246798947139,340.494222471107,343.12546720115853,344.20043380045195,344.37666291330794
Nauru,198.81730719658054,203.59035836263251,209.46629805011955,216.32705552909252,224.0074371311445
Nepal,305.145544678975,306.713651528089,308.77339636362797,310.151370920149,310.782957822006
Netherlands,230.7416639330891,232.80844391645508,235.52381880162505,238.31964243053505,240.71535539464531
New Caledonia,231.46833154884266,232.66841956444267,234.36135547294268,235.61058299784267,236.48064408874265
New Zealand,245.71102938165694,251.66132813831996,257.677618983989,262.71069666409,266.50372884495
Nicaragua,180.54547769739597,182.33015816644595,182.043467406036,183.06395667173697,183.16748851364198
Niger,4909.301430807712,5336.11740554874,6025.512708795134,6640.992587568758,7257.600023841874
Nigeria,223.3665774909309,211.1868597410009,205.81011660090388,207.7296283305449,213.81674211253565
Niue,297.6364977748441,303.1260010348163,313.73742789640437,320.86765248155433,326.67488461712003
Non-OECD (GCP),228.08637008218423,228.11134710032772,229.14150918538374,229.38280698297348,229.57038972277348
North America,216.76693236276003,266.73275398971793,290.94579268762,299.75270409455993,302.62454316126195
North America (GCP),159.85728758118537,159.6967850386745,160.24372267951563,161.13983398130358,163.32541066718875
North America (excl. USA),218.44951773140602,223.90324488038002,227.80756206140998,231.36265190383398,234.384997013669
North Korea,264.91024068698334,257.6878860288173,248.31637665079532,240.03065019101928,233.50420546816784
North Macedonia,147.10145234650895,160.6186347232556,181.2708113667862,205.58846895080038,226.70290415650732
Norway,1197.772557855831,1208.7907394106912,1226.9699182296358,1237.327178332981,1243.5129750292022
OECD (GCP),1171.1459308816466,1175.2239322622888,1184.5221350226927,1185.3902816380378,1180.4820933482038
OECD (Jones et al.),1022.4836278832669,1028.6723431899968,1039.1069729607502,1044.6224810784643,1047.4871355820512
Oceania,208.84768688096548,217.9611210735281,226.78541914180494,237.73923372572762,248.2622323480879
Oceania (GCP),124.84266639643161,131.2350478009202,176.29686656556254,266.5546563401707,297.96887787365193
Oman,203.8640123256989,231.9975132797689,271.35888173346484,305.6497657055989,322.6193701862289
Pakistan,1433.6429056873196,1455.35169233491,1489.03716807335,1510.8412950891939,1532.013274456385
Palau,,,,,
Palestine,,,,,
Panama,,,,,
Papua New Guinea,,,,,
Paraguay,,,,,
Peru,,,,,
Philippines,,,,,
Poland,,,,,
Portugal,,,,,
Qatar,,,,,
Romania,,,,,
Russia,,,,,
Rwanda,,,,,
Ryukyu Islands,,,,,
Ryukyu Islands (GCP),,,,,
Saint Helena,,,,,
Saint Kitts and Nevis,,,,,
Saint Lucia,,,,,
Saint Pierre and Miquelon,,,,,
Saint Vincent and the Grenadines,,,,,
Samoa,,,,,
San Marino,,,,,
Sao Tome and Principe,,,,,
Saudi Arabia,,,,,
Senegal,,,,,
Serbia,,,,,
Seychelles,,,,,
Sierra Leone,,,,,
Singapore,,,,,
Sint Maarten (Dutch part),,,,,
Slovakia,,,,,
Slovenia,,,,,
Solomon Islands,,,,,
Somalia,,,,,
South Africa,,,,,
South America,,,,,
South America (GCP),,,,,
South Korea,,,,,
South Sudan,,,,,
Spain,,,,,
Sri Lanka,,,,,
Sudan,,,,,
Suriname,,,,,
Sweden,,,,,
Switzerland,,,,,
Syria,,,,,
Taiwan,,,,,
Tajikistan,,,,,
Tanzania,,,,,
Thailand,,,,,
Togo,,,,,
Tonga,,,,,
Trinidad and Tobago,,,,,
Tunisia,,,,,
Turkey,,,,,
Turkmenistan,,,,,
Turks and Caicos Islands,,,,,
Tuvalu,,,,,
Uganda,,,,,
Ukraine,,,,,
United Arab Emirates,,,,,
United Kingdom,,,,,
United States,,,,,
Upper-middle-income countries,,,,,
Uruguay,,,,,
Uzbekistan,,,,,
Vanuatu,,,,,
Vatican,,,,,
Venezuela,,,,,
Vietnam,,,,,
Wallis and Futuna,,,,,
World,,,,,
Yemen,,,,,
Zambia,,,,,
Zimbabwe,,,,,
