,country,1990 CO2 per capita,1991 CO2 per capita,1992 CO2 per capita,1993 CO2 per capita,1994 CO2 per capita,1995 CO2 per capita,1996 CO2 per capita,1997 CO2 per capita,1998 CO2 per capita,1999 CO2 per capita,2000 CO2 per capita,2001 CO2 per capita,2002 CO2 per capita,2003 CO2 per capita,2004 CO2 per capita,2005 CO2 per capita,2006 CO2 per capita,2007 CO2 per capita,2008 CO2 per capita,2009 CO2 per capita,2010 CO2 per capita,2011 CO2 per capita,2012 CO2 per capita,2013 CO2 per capita,2014 CO2 per capita,2015 CO2 per capita,2016 CO2 per capita,2017 CO2 per capita,2018 CO2 per capita,2019 CO2 per capita,2020 CO2 per capita,2021 CO2 per capita,2022 CO2 per capita,2023 CO2 per capita
0,Afghanistan,0.168,0.156,0.112,0.1,0.089,0.083,0.077,0.071,0.067,0.055,0.052,0.053,0.063,0.069,0.053,0.077,0.085,0.108,0.161,0.233,0.296,0.403,0.328,0.292,0.277,0.286,0.257,0.271,0.289,0.286,0.297,0.257,0.26,0.266
1,Africa,1.024,1.042,0.984,1.016,1.108,1.154,1.162,1.162,1.157,1.112,1.122,1.082,1.032,1.106,1.14,1.126,1.13,1.127,1.156,1.12,1.136,1.145,1.126,1.108,1.143,1.094,1.1,1.087,1.055,1.099,0.983,1.021,0.991,0.959
2,Africa (GCP),0.0,0.0,0.0,0.0,0.0,0.0,0.0,0.0,0.0,0.0,0.0,0.0,0.0,0.0,0.0,0.0,0.0,0.0,0.0,0.0,0.0,0.0,0.0,0.0,0.0,0.0,0.0,0.0,0.0,0.0,0.0,0.0,0.0,0.0
3,Albania,1.684,1.307,0.767,0.713,0.588,0.641,0.622,0.478,0.547,0.937,0.955,1.023,1.196,1.38,1.348,1.385,1.282,1.306,1.469,1.488,1.633,1.825,1.667,1.819,2.066,1.626,1.598,1.826,1.691,1.673,1.64,1.802,1.83,1.83
4,Algeria,3.024,3.032,3.0,3.004,3.177,3.399,3.446,2.988,3.545,3.001,2.763,2.772,2.856,2.939,2.811,3.352,3.149,3.214,3.191,3.349,3.27,3.39,3.604,3.665,3.859,4.0,3.88,3.962,4.063,4.155,3.819,4.012,4.058,3.859
5,Andorra,7.73,7.174,6.754,6.484,6.293,6.648,7.098,7.19,7.507,7.804,7.975,7.954,7.986,7.696,7.541,7.429,6.858,6.576,6.449,6.157,6.4,6.311,6.34,6.332,6.259,6.446,6.496,6.357,6.628,6.419,4.923,5.236,5.263,5.242
6,Angola,0.438,0.421,0.416,0.448,0.857,0.921,1.076,1.083,1.089,1.102,0.988,0.95,0.928,0.974,0.915,0.798,0.857,0.846,0.869,0.922,0.987,0.966,1.03,0.983,0.961,0.977,0.873,0.78,0.745,0.681,0.494,0.556,0.568,0.565
7,Anguilla,5.656,5.457,5.29,5.94,5.792,6.02,6.229,6.06,6.247,6.071,6.872,7.33,7.194,7.388,8.484,8.944,9.678,9.811,9.649,9.482,9.864,9.165,9.023,8.834,8.795,9.781,9.707,8.875,8.945,9.873,9.614,9.853,9.755,10.012
8,Antarctica,0.0,0.0,0.0,0.0,0.0,0.0,0.0,0.0,0.0,0.0,0.0,0.0,0.0,0.0,0.0,0.0,0.0,0.0,0.0,0.0,0.0,0.0,0.0,0.0,0.0,0.0,0.0,0.0,0.0,0.0,0.0,0.0,0.0,0.0
9,Antigua and Barbuda,3.833,3.929,3.868,3.91,4.0,3.975,4.157,4.382,4.452,4.674,4.743,4.864,5.279,5.503,5.724,6.028,6.408,6.546,6.495,6.615,6.44,6.322,6.381,6.323,6.397,6.515,6.637,6.681,6.769,7.017,6.741,6.903,6.657,6.909
10,Argentina,3.424,3.544,3.607,3.455,3.423,3.572,3.693,3.799,3.83,4.031,3.855,3.592,3.285,3.5,4.046,4.12,4.399,4.338,4.634,4.361,4.504,4.548,4.539,4.451,4.379,4.41,4.326,4.22,4.044,3.969,3.654,4.218,4.494,4.3
11,Armenia,2.533,2.042,1.602,0.727,0.798,1.017,0.763,1.002,1.066,0.96,1.117,1.145,1.007,1.137,1.221,1.456,1.472,1.714,1.883,1.481,1.451,1.7,1.967,1.894,1.918,1.872,1.783,1.901,2.001,2.164,2.351,2.584,2.487,2.585
12,Aruba,7.561,7.981,7.818,9.123,8.976,9.313,9.242,9.35,9.621,9.363,26.787,26.652,26.661,27.741,28.063,28.849,28.458,29.205,27.157,26.526,25.03,24.743,13.248,8.395,8.435,8.615,8.411,8.421,8.192,7.732,7.641,7.971,7.712,8.033
13,Asia,2.052,2.252,2.168,2.231,2.3,2.371,2.431,2.428,2.327,2.428,2.492,2.507,2.61,2.835,2.966,3.144,3.316,3.456,3.59,3.675,3.906,4.148,4.254,4.26,4.27,4.25,4.239,4.318,4.409,4.491,4.403,4.588,4.596,4.731
14,Asia (GCP),0.0,0.0,0.0,0.0,0.0,0.0,0.0,0.0,0.0,0.0,0.0,0.0,0.0,0.0,0.0,0.0,0.0,0.0,0.0,0.0,0.0,0.0,0.0,0.0,0.0,0.0,0.0,0.0,0.0,0.0,0.0,0.0,0.0,0.0
15,Asia (excl. China and India),2.958,3.411,3.09,3.127,3.177,3.172,3.214,3.217,3.085,3.187,3.312,3.325,3.353,3.461,3.551,3.583,3.622,3.659,3.673,3.635,3.806,3.894,3.994,3.935,3.919,3.953,3.977,4.06,4.074,4.113,3.933,4.007,4.027,3.985
16,Australia,16.242,16.109,16.213,16.299,16.41,16.858,17.041,17.311,17.867,18.189,18.294,18.475,18.501,18.65,19.113,19.029,19.055,19.064,18.944,18.689,18.297,17.965,17.775,17.174,16.644,16.765,16.868,16.733,16.544,16.316,15.506,14.987,14.67,14.478
17,Austria,8.097,8.48,7.686,7.677,7.695,8.058,8.467,8.445,8.39,8.215,8.259,8.725,8.905,9.528,9.506,9.611,9.288,8.932,8.829,8.065,8.608,8.328,7.979,7.99,7.507,7.677,7.693,7.91,7.528,7.651,6.969,7.333,6.783,6.416
18,Azerbaijan,7.097,6.842,7.585,6.451,5.513,4.315,3.99,3.76,3.96,3.558,3.641,3.444,3.431,3.629,3.799,3.977,3.963,3.402,3.694,3.217,3.012,3.264,3.495,3.53,3.566,3.556,3.519,3.481,3.443,3.733,3.559,3.742,3.923,4.258
19,Bahamas,7.329,7.113,6.535,5.986,5.968,6.101,5.922,5.173,6.309,6.362,6.257,5.934,6.143,6.168,6.028,5.54,5.322,5.299,5.351,5.938,6.062,5.687,5.465,5.25,5.405,5.781,5.76,6.343,6.204,6.35,5.137,6.249,6.041,6.272
20,Bahrain,22.327,21.3,18.99,29.758,24.832,24.854,26.195,27.597,28.583,27.885,28.673,28.115,26.737,25.856,24.331,26.256,24.166,25.18,26.344,23.739,23.965,23.591,22.296,24.783,23.536,23.699,22.076,22.156,21.79,25.295,25.215,24.102,23.249,23.27
21,Bangladesh,0.126,0.13,0.133,0.136,0.146,0.172,0.172,0.182,0.179,0.19,0.197,0.227,0.23,0.238,0.252,0.261,0.285,0.288,0.303,0.326,0.355,0.362,0.385,0.414,0.428,0.483,0.508,0.534,0.53,0.575,0.574,0.642,0.672,0.662
22,Barbados,3.968,4.563,4.472,3.57,3.565,3.889,3.974,4.39,4.665,4.93,4.981,4.968,4.985,5.112,5.174,5.318,5.435,5.428,6.355,6.2,5.678,5.89,5.599,5.52,4.966,4.902,5.035,4.955,5.259,5.08,4.392,4.167,4.05,4.221
23,Belarus,10.636,10.209,9.149,7.866,6.635,5.973,6.074,6.084,5.959,5.774,5.495,5.434,5.453,5.619,5.984,6.135,6.426,6.297,6.594,6.372,6.58,6.472,6.609,6.775,6.719,6.198,6.12,6.253,6.557,6.581,6.315,6.587,6.474,6.197
24,Belgium,12.077,12.338,12.193,12.04,12.337,12.423,12.748,12.178,12.763,12.192,12.361,12.255,12.278,12.36,12.358,11.99,11.744,11.339,11.222,9.968,10.468,9.521,9.222,9.208,8.656,8.982,8.801,8.719,8.764,8.675,7.905,8.2,7.645,7.118
25,Belize,1.701,2.174,1.861,1.936,1.877,1.848,1.463,1.786,1.643,1.493,1.643,1.8,1.689,1.639,1.443,1.506,1.54,1.609,1.433,1.653,1.682,1.69,1.348,1.287,1.344,1.799,1.718,1.649,1.59,1.833,1.494,1.551,1.57,1.625
26,Benin,0.11,0.114,0.119,0.137,0.15,0.154,0.185,0.186,0.164,0.209,0.204,0.227,0.275,0.303,0.318,0.295,0.385,0.439,0.425,0.444,0.478,0.444,0.423,0.426,0.435,0.469,0.456,0.464,0.458,0.413,0.422,0.429,0.421,0.396
27,Bermuda,8.717,9.285,7.901,9.155,8.972,8.922,8.818,8.705,8.577,8.39,8.391,8.525,8.959,8.983,9.31,9.287,10.376,11.568,10.242,7.491,9.541,6.954,5.755,8.412,10.551,8.485,9.757,9.966,10.903,9.256,6.77,7.988,7.733,8.074
28,Bhutan,0.315,0.31,0.372,0.328,0.383,0.454,0.544,0.698,0.671,0.662,0.665,0.761,0.796,0.774,0.676,0.825,0.619,0.585,0.942,0.979,1.29,1.462,1.654,1.825,1.892,2.005,2.172,2.269,2.282,2.117,1.624,2.058,2.094,2.178
29,Bolivia,1.403,1.442,1.482,1.524,1.247,1.145,1.249,1.435,1.354,1.293,0.98,0.999,1.169,1.212,1.199,1.315,1.295,1.311,1.316,1.352,1.446,1.541,1.668,1.663,1.833,1.805,1.9,1.954,1.955,1.937,1.55,1.823,1.853,1.908
30,Bonaire Sint Eustatius and Saba,4.992,3.95,3.226,4.936,4.693,4.602,4.26,4.413,0.241,1.788,4.692,4.689,4.368,4.195,4.222,4.019,4.023,4.356,4.034,3.975,2.64,3.203,3.689,3.536,3.441,3.867,4.176,4.134,3.928,4.285,4.29,4.154,3.843,3.84
31,Bosnia and Herzegovina,4.467,3.153,3.549,3.222,0.86,0.916,1.094,2.082,2.58,2.502,3.294,3.173,3.384,3.436,3.734,3.917,4.279,4.354,5.056,5.293,5.548,6.35,6.031,6.038,5.417,5.247,6.257,6.462,6.518,6.22,6.314,6.553,6.541,6.336
32,Botswana,2.068,1.963,2.012,2.25,2.075,2.031,1.794,1.781,2.08,1.923,2.252,2.247,2.278,2.154,2.155,2.224,2.205,2.212,2.309,1.937,2.232,1.943,2.408,2.645,3.154,2.459,2.839,3.119,3.323,2.885,2.346,2.502,2.703,2.707
33,Brazil,1.466,1.512,1.514,1.558,1.595,1.661,1.762,1.842,1.876,1.907,1.955,1.963,1.948,1.908,1.979,1.973,1.976,2.071,2.168,2.029,2.273,2.369,2.531,2.682,2.788,2.625,2.425,2.434,2.321,2.282,2.134,2.377,2.301,2.304
34,British Virgin Islands,4.194,4.522,4.852,4.955,4.835,4.923,5.404,5.462,5.326,5.75,5.786,5.982,6.661,6.615,6.719,6.959,7.322,7.359,7.381,7.129,7.673,7.396,6.998,6.698,6.553,6.58,6.808,5.486,4.648,5.03,4.831,4.842,4.632,4.75
35,Brunei,21.369,27.459,25.513,22.951,19.546,20.004,19.709,19.935,17.911,18.716,16.324,15.568,13.731,16.149,15.983,15.124,19.59,21.777,24.26,20.119,20.435,23.925,23.424,18.546,21.19,16.421,17.852,21.51,21.343,24.245,24.937,25.929,24.934,25.644
36,Bulgaria,8.698,7.087,6.713,6.909,6.708,6.94,7.06,6.802,6.539,5.76,5.699,6.195,5.881,6.482,6.404,6.587,6.796,7.348,7.18,6.121,6.44,7.209,6.609,5.881,6.265,6.716,6.372,6.716,6.203,6.059,5.285,6.169,6.881,5.311
37,Burkina Faso,0.064,0.068,0.065,0.064,0.065,0.064,0.068,0.07,0.076,0.09,0.078,0.086,0.084,0.091,0.082,0.08,0.084,0.109,0.119,0.117,0.123,0.129,0.152,0.159,0.157,0.199,0.206,0.232,0.256,0.268,0.25,0.286,0.283,0.269
38,Burundi,0.037,0.042,0.037,0.04,0.041,0.039,0.04,0.041,0.04,0.04,0.042,0.031,0.031,0.024,0.028,0.022,0.024,0.023,0.023,0.024,0.035,0.043,0.039,0.042,0.032,0.032,0.038,0.045,0.054,0.056,0.059,0.06,0.053,0.052
39,Cambodia,0.171,0.17,0.166,0.161,0.154,0.15,0.14,0.127,0.156,0.154,0.161,0.177,0.167,0.173,0.169,0.164,0.209,0.252,0.28,0.321,0.349,0.358,0.373,0.371,0.435,0.524,0.672,0.752,0.856,1.13,1.138,1.134,1.14,1.158
40,Cameroon,0.23,0.229,0.226,0.232,0.384,0.412,0.445,0.39,0.38,0.359,0.375,0.363,0.34,0.353,0.343,0.318,0.313,0.41,0.394,0.448,0.426,0.401,0.365,0.367,0.398,0.433,0.425,0.397,0.397,0.377,0.371,0.357,0.364,0.35
41,Canada,16.482,15.973,16.263,16.1,16.421,16.681,17.057,17.367,17.462,17.774,18.33,17.888,17.876,18.243,18.024,17.659,17.344,17.886,17.213,16.047,16.222,16.302,16.156,16.118,15.897,15.729,15.373,15.475,15.527,15.404,13.795,14.051,14.183,13.977
42,Cape Verde,0.478,0.429,0.456,0.428,0.429,0.473,0.508,0.525,0.55,0.648,0.655,0.756,0.816,0.875,0.887,0.921,1.008,1.019,0.935,1.028,1.092,1.204,0.98,0.966,0.951,0.958,1.044,1.122,1.113,1.226,1.004,1.057,1.068,1.024
43,Central African Republic,0.064,0.064,0.063,0.063,0.064,0.062,0.062,0.061,0.061,0.062,0.061,0.063,0.06,0.054,0.052,0.05,0.052,0.052,0.036,0.036,0.038,0.041,0.041,0.025,0.027,0.039,0.042,0.045,0.045,0.046,0.047,0.047,0.053,0.055
44,Central America (GCP),0.0,0.0,0.0,0.0,0.0,0.0,0.0,0.0,0.0,0.0,0.0,0.0,0.0,0.0,0.0,0.0,0.0,0.0,0.0,0.0,0.0,0.0,0.0,0.0,0.0,0.0,0.0,0.0,0.0,0.0,0.0,0.0,0.0,0.0
45,Chad,0.063,0.062,0.063,0.061,0.061,0.06,0.06,0.059,0.058,0.058,0.057,0.057,0.058,0.093,0.091,0.09,0.09,0.098,0.076,0.102,0.1,0.1,0.132,0.152,0.154,0.161,0.157,0.15,0.148,0.138,0.137,0.15,0.163,0.159
46,Chile,2.449,2.261,2.305,2.418,2.653,2.861,3.273,3.746,3.785,4.009,3.773,3.374,3.458,3.438,3.659,3.739,3.88,4.227,4.19,3.878,4.153,4.499,4.545,4.621,4.343,4.531,4.612,4.534,4.469,4.791,4.139,4.3,4.221,3.931
47,China,2.154,2.226,2.305,2.44,2.567,2.755,2.851,2.833,2.69,2.823,2.874,2.916,3.188,3.74,4.007,4.49,4.927,5.267,5.624,5.878,6.378,7.008,7.141,7.22,7.198,7.065,6.953,7.085,7.282,7.526,7.647,8.026,7.964,8.367
48,Christmas Island,0.0,0.0,0.0,0.0,0.0,0.0,0.0,0.0,0.0,0.0,0.0,0.0,0.0,0.0,0.0,0.0,0.0,0.0,0.0,0.0,0.0,0.0,0.0,0.0,0.0,0.0,0.0,0.0,0.0,0.0,0.0,0.0,0.0,0.0
49,Colombia,1.754,1.712,1.821,1.839,1.908,1.66,1.643,1.758,1.741,1.443,1.448,1.432,1.386,1.402,1.315,1.428,1.459,1.399,1.53,1.637,1.703,1.684,1.756,1.909,2.02,2.088,1.986,1.799,1.769,1.893,1.772,1.843,1.9,2.011
50,Comoros,0.148,0.145,0.15,0.155,0.152,0.157,0.162,0.166,0.177,0.181,0.191,0.194,0.19,0.238,0.252,0.241,0.273,0.172,0.175,0.211,0.246,0.214,0.226,0.263,0.227,0.247,0.282,0.344,0.37,0.396,0.466,0.609,0.541,0.528
51,Congo,0.423,0.442,0.512,0.447,1.266,1.173,1.428,1.673,1.311,1.291,1.359,1.277,0.812,0.946,0.995,1.177,1.247,1.07,1.038,1.155,1.233,1.095,1.059,1.213,1.1,1.106,1.097,1.056,1.194,1.299,1.335,1.258,1.344,1.241
52,Cook Islands,2.564,2.537,2.513,2.704,2.69,2.676,2.869,2.907,2.785,3.108,3.231,3.362,2.932,3.409,3.639,4.111,4.33,4.25,4.121,3.998,4.311,4.612,4.764,4.781,4.592,4.405,4.011,4.509,4.629,4.764,4.211,4.579,4.834,5.114
53,Costa Rica,0.933,1.027,1.139,1.155,1.507,1.358,1.295,1.328,1.384,1.408,1.37,1.413,1.532,1.59,1.629,1.578,1.621,1.817,1.8,1.722,1.645,1.586,1.557,1.618,1.625,1.537,1.614,1.634,1.616,1.54,1.345,1.511,1.544,1.622
54,Cote d'Ivoire,0.392,0.34,0.291,0.371,0.289,0.419,0.487,0.449,0.405,0.354,0.375,0.421,0.399,0.277,0.377,0.377,0.335,0.316,0.312,0.257,0.277,0.284,0.364,0.404,0.404,0.378,0.461,0.449,0.379,0.374,0.381,0.461,0.449,0.423
55,Croatia,4.731,3.522,3.424,3.554,3.433,3.639,3.8,4.122,4.283,4.579,4.543,4.83,5.09,5.393,5.303,5.401,5.445,5.747,5.451,5.047,4.879,4.817,4.474,4.339,4.185,4.255,4.373,4.589,4.398,4.473,4.27,4.436,4.507,4.498
56,Cuba,2.789,2.535,1.909,1.828,1.964,2.09,2.129,2.256,2.202,2.21,2.276,2.215,2.25,2.281,2.184,2.28,2.375,2.279,2.456,2.463,2.924,2.572,2.608,2.469,2.425,2.58,2.465,2.184,2.05,2.008,1.904,2.028,1.979,2.096
57,Curacao,30.972,24.762,20.447,31.686,30.542,30.416,28.663,30.249,1.686,12.77,34.287,35.103,33.575,33.14,34.334,33.687,34.834,38.921,37.167,37.774,25.845,32.621,39.075,36.366,41.182,44.002,36.97,29.482,23.789,11.888,9.802,10.795,10.464,10.912
58,Cyprus,5.891,6.424,6.792,6.958,7.091,6.793,7.054,7.015,7.206,7.363,7.494,7.236,7.303,7.56,7.65,7.68,7.763,7.928,7.989,7.636,7.184,6.794,6.233,5.561,5.785,5.718,5.961,5.984,5.763,5.708,5.387,5.443,5.406,5.334
59,Czechia,15.944,14.448,14.129,13.577,12.853,12.764,13.114,12.737,12.247,11.381,12.429,12.426,12.107,12.447,12.502,12.227,12.28,12.417,11.845,11.034,11.227,10.975,10.591,10.153,9.912,9.977,10.126,10.221,10.08,9.57,8.689,9.177,8.911,7.921
60,Democratic Republic of Congo,0.116,0.083,0.072,0.065,0.065,0.07,0.077,0.067,0.058,0.045,0.034,0.032,0.032,0.038,0.036,0.039,0.039,0.042,0.042,0.037,0.04,0.043,0.038,0.052,0.065,0.04,0.032,0.033,0.042,0.044,0.045,0.043,0.045,0.044
61,Denmark,10.399,12.435,11.276,11.672,12.42,11.778,14.229,12.379,11.543,11.019,10.168,10.429,10.332,11.249,10.194,9.508,10.941,10.015,9.328,8.843,8.865,7.939,7.127,7.436,6.656,6.176,6.443,6.011,5.972,5.321,4.852,5.052,4.817,4.584
62,Djibouti,0.512,0.476,0.486,0.495,0.479,0.492,0.475,0.496,0.55,0.531,0.49,0.475,0.502,0.518,0.492,0.493,0.484,0.528,0.558,0.486,0.555,0.332,0.307,0.39,0.413,0.495,0.412,0.392,0.443,0.499,0.419,0.474,0.435,0.427
63,Dominica,0.842,0.846,0.845,0.897,1.002,1.16,1.056,1.163,1.113,1.17,1.497,1.609,1.5,1.71,2.081,2.185,2.076,2.501,2.447,2.713,2.5,2.228,2.385,2.259,2.343,2.497,2.473,2.246,2.364,2.536,2.331,2.398,2.338,2.451
64,Dominican Republic,1.25,1.307,1.399,1.476,1.524,1.915,2.052,2.112,2.14,2.11,2.212,2.195,2.367,2.377,1.904,1.945,2.046,2.114,2.124,2.04,2.093,2.143,2.111,2.086,2.113,2.252,2.336,2.252,2.389,2.605,2.454,2.772,2.71,2.826
65,East Timor,0.0,0.0,0.0,0.0,0.0,0.0,0.0,0.0,0.064,0.183,0.295,0.146,0.298,0.271,0.535,0.339,0.324,0.287,0.276,0.304,0.289,0.391,0.521,0.534,0.528,0.489,0.523,0.551,0.484,0.519,0.488,0.459,0.474,0.457
66,Ecuador,1.571,1.51,2.009,2.16,1.258,2.027,2.142,1.615,1.885,1.762,1.649,1.813,1.89,2.024,2.15,2.209,2.108,2.392,2.08,2.266,2.406,2.497,2.402,2.509,2.727,2.538,2.385,2.337,2.254,2.31,1.876,2.161,2.273,2.401
67,Egypt,1.288,1.288,1.3,1.467,1.375,1.508,1.461,1.632,1.788,1.793,1.968,1.71,1.694,1.926,1.92,2.074,2.167,2.24,2.303,2.36,2.283,2.381,2.294,2.218,2.326,2.254,2.355,2.514,2.358,2.406,2.153,2.352,2.408,2.349
68,El Salvador,0.458,0.574,0.594,0.702,0.79,0.867,0.76,0.927,0.975,0.945,0.954,0.981,1.014,1.073,1.041,1.049,1.119,1.139,1.062,1.044,1.041,1.067,1.059,0.993,0.998,1.078,1.064,0.961,1.007,1.214,1.058,1.212,1.242,1.304
69,Equatorial Guinea,0.131,0.134,0.129,0.131,2.096,2.148,2.284,3.201,3.589,3.764,3.838,4.127,3.461,3.696,6.82,6.553,6.242,5.525,5.479,4.316,5.384,4.908,5.335,6.088,5.481,4.838,5.011,4.372,4.362,3.314,3.735,4.048,3.785,3.324
70,Eritrea,0.0,0.0,0.0,0.0,0.37,0.39,0.405,0.357,0.269,0.278,0.269,0.276,0.213,0.313,0.244,0.22,0.168,0.155,0.141,0.154,0.159,0.193,0.2,0.185,0.184,0.179,0.178,0.177,0.195,0.199,0.195,0.203,0.183,0.179
71,Estonia,23.509,21.812,15.854,12.919,13.58,12.428,13.267,13.136,11.999,11.349,11.074,11.432,11.133,12.584,12.712,12.614,12.205,14.866,13.324,10.794,14.244,14.275,13.429,14.898,14.29,12.004,13.248,14.131,13.465,9.261,6.918,7.802,8.708,7.328
72,Eswatini,1.1,0.96,0.882,0.732,1.109,1.095,0.796,1.136,1.139,1.201,1.161,1.042,1.02,0.941,0.932,0.941,0.936,0.954,0.931,0.958,0.897,0.901,1.04,1.239,0.677,0.76,0.918,0.851,0.884,0.95,0.94,0.838,0.886,0.897
73,Ethiopia,0.063,0.06,0.057,0.056,0.04,0.044,0.047,0.049,0.05,0.047,0.051,0.061,0.062,0.066,0.068,0.063,0.066,0.07,0.075,0.073,0.07,0.08,0.084,0.1,0.115,0.122,0.136,0.135,0.14,0.149,0.133,0.132,0.121,0.118
74,Europe,11.093,10.645,9.746,9.342,8.837,8.8,8.866,8.584,8.553,8.447,8.444,8.617,8.562,8.74,8.77,8.764,8.904,8.812,8.701,7.988,8.278,8.167,8.092,7.869,7.547,7.538,7.501,7.531,7.495,7.245,6.698,7.076,6.991,6.688
75,Europe (GCP),0.0,0.0,0.0,0.0,0.0,0.0,0.0,0.0,0.0,0.0,0.0,0.0,0.0,0.0,0.0,0.0,0.0,0.0,0.0,0.0,0.0,0.0,0.0,0.0,0.0,0.0,0.0,0.0,0.0,0.0,0.0,0.0,0.0,0.0
76,Europe (excl. EU-27),13.682,12.875,11.2,10.505,9.39,9.167,9.057,8.611,8.57,8.501,8.48,8.738,8.64,8.856,8.951,9.01,9.329,9.311,9.338,8.598,9.025,9.1,9.159,8.89,8.56,8.372,8.308,8.323,8.473,8.355,7.925,8.291,8.329,8.389
77,Europe (excl. EU-28),14.422,13.406,11.413,10.62,9.271,9.033,8.818,8.368,8.299,8.248,8.199,8.489,8.449,8.682,8.805,8.907,9.336,9.368,9.484,8.782,9.267,9.56,9.576,9.293,9.055,8.902,8.935,9.02,9.26,9.186,8.807,9.216,9.43,9.582
78,European Union (27),9.215,9.028,8.697,8.507,8.441,8.537,8.729,8.564,8.542,8.408,8.419,8.533,8.508,8.66,8.645,8.596,8.613,8.473,8.268,7.575,7.771,7.536,7.37,7.177,6.859,6.972,6.953,6.994,6.831,6.493,5.868,6.257,6.101,5.571
79,European Union (28),9.368,9.215,8.888,8.688,8.616,8.681,8.89,8.692,8.681,8.546,8.567,8.68,8.618,8.769,8.753,8.696,8.697,8.549,8.332,7.616,7.815,7.519,7.402,7.208,6.847,6.906,6.838,6.844,6.682,6.355,5.734,6.104,5.904,5.422
80,Faroe Islands,14.803,14.002,14.085,12.901,13.016,13.031,13.594,13.236,13.866,13.93,15.077,16.474,15.484,15.445,15.559,14.918,13.989,14.203,12.986,11.858,13.078,11.842,12.261,13.428,12.31,12.434,12.718,14.068,14.208,14.269,14.415,14.636,14.619,14.572
81,Fiji,1.036,0.84,0.93,0.922,0.91,0.922,0.986,0.941,0.904,0.909,0.969,1.182,0.974,1.142,1.479,1.163,1.288,1.208,0.876,0.771,1.131,1.023,0.997,1.132,1.286,1.352,1.28,1.424,1.478,1.482,1.097,1.195,1.22,1.24
82,Finland,11.415,11.008,10.764,11.116,12.133,11.379,12.496,12.199,11.518,11.398,11.015,12.051,12.508,13.938,13.187,10.877,12.983,12.624,11.033,10.474,11.95,10.513,9.449,9.509,8.719,8.065,8.598,8.107,8.292,7.686,6.818,6.821,6.53,5.646
83,France,6.909,7.296,7.077,6.707,6.565,6.63,6.889,6.742,7.031,6.973,6.828,6.852,6.729,6.782,6.757,6.747,6.546,6.343,6.198,5.877,5.936,5.56,5.564,5.571,5.052,5.106,5.135,5.164,4.914,4.793,4.256,4.625,4.428,4.101
84,French Polynesia,2.301,2.257,2.113,2.179,2.194,2.128,2.08,2.143,2.092,2.276,2.546,2.972,2.928,3.101,3.01,3.191,3.118,3.053,3.113,3.113,3.412,3.263,3.207,3.201,3.076,3.046,3.11,3.113,3.143,3.191,2.979,3.13,3.198,3.259
85,Gabon,4.559,4.473,4.735,4.665,4.149,4.648,5.109,4.678,5.325,4.838,4.804,4.948,4.647,4.88,4.492,4.252,3.675,3.237,3.347,3.192,3.393,3.27,3.048,3.098,3.219,3.173,3.105,2.547,2.516,2.351,2.422,2.327,2.4,2.178
86,Gambia,0.188,0.18,0.173,0.176,0.17,0.171,0.169,0.167,0.176,0.194,0.189,0.201,0.193,0.188,0.197,0.193,0.203,0.197,0.2,0.2,0.221,0.223,0.219,0.202,0.234,0.262,0.258,0.253,0.27,0.289,0.278,0.282,0.28,0.264
87,Georgia,2.927,2.95,2.886,1.915,1.202,0.465,0.842,0.943,1.079,0.968,1.04,0.885,0.811,0.913,1.053,1.245,1.525,1.603,1.347,1.566,1.593,2.017,2.15,2.104,2.357,2.573,2.655,2.682,2.652,2.867,2.786,2.929,3.038,3.091
88,Germany,13.233,12.664,11.978,11.774,11.535,11.46,11.666,11.306,11.261,10.963,10.99,11.171,10.952,10.894,10.678,10.578,10.85,10.408,10.561,9.76,10.227,9.95,10.061,10.263,9.74,9.757,9.642,9.441,9.117,8.495,7.753,8.11,7.986,7.051
89,Ghana,0.228,0.247,0.2,0.23,0.267,0.266,0.273,0.302,0.299,0.293,0.271,0.296,0.313,0.314,0.295,0.272,0.37,0.38,0.343,0.276,0.351,0.396,0.473,0.46,0.473,0.508,0.474,0.414,0.496,0.525,0.601,0.632,0.612,0.581
90,Greece,8.134,8.093,8.202,8.094,8.258,8.267,8.431,8.831,9.238,9.129,9.55,9.717,9.642,9.989,10.001,10.371,10.205,10.37,10.028,9.391,8.751,8.507,8.272,7.45,7.219,6.924,6.622,6.96,6.689,6.133,5.193,5.437,5.578,5.389
91,Greenland,11.226,10.942,10.683,9.787,8.893,9.566,10.655,11.011,10.631,10.595,11.876,10.958,10.247,11.435,11.234,11.297,11.648,11.509,11.951,10.478,11.996,12.771,10.208,9.958,9.3,9.38,9.39,9.695,9.709,9.899,9.574,10.108,10.491,10.659
92,Grenada,1.063,1.09,1.154,1.181,1.385,1.446,1.471,1.6,1.659,1.819,1.773,1.798,1.893,1.985,1.877,1.97,2.096,2.155,2.246,2.272,2.298,2.255,2.404,2.615,2.086,2.268,2.386,2.539,2.66,2.843,2.488,2.669,2.745,2.898
93,Guatemala,0.551,0.534,0.622,0.57,0.672,0.686,0.621,0.691,0.776,0.771,0.835,0.855,0.875,0.834,0.873,0.925,0.911,0.89,0.782,0.805,0.765,0.76,0.767,0.833,0.882,0.999,1.04,1.045,1.1,1.129,0.989,1.125,1.071,1.125
94,Guinea,0.156,0.153,0.153,0.153,0.153,0.154,0.159,0.163,0.169,0.173,0.177,0.183,0.187,0.192,0.194,0.197,0.2,0.204,0.202,0.208,0.239,0.243,0.222,0.189,0.189,0.208,0.227,0.262,0.249,0.301,0.336,0.301,0.298,0.281
95,Guinea-Bissau,0.177,0.177,0.175,0.173,0.168,0.164,0.179,0.173,0.145,0.16,0.119,0.119,0.119,0.147,0.149,0.154,0.153,0.159,0.153,0.154,0.152,0.15,0.149,0.145,0.149,0.156,0.166,0.162,0.162,0.164,0.147,0.148,0.147,0.138
96,Guyana,1.505,1.48,1.388,1.387,1.929,2.068,2.173,2.37,2.394,2.396,2.285,2.281,2.245,2.434,2.528,2.128,1.989,2.353,2.263,2.538,2.518,2.627,2.627,2.54,2.615,2.64,3.11,3.028,3.162,3.412,4.162,4.392,4.415,4.29
97,Haiti,0.145,0.14,0.125,0.094,0.025,0.116,0.132,0.172,0.154,0.156,0.197,0.174,0.207,0.194,0.185,0.19,0.19,0.189,0.185,0.195,0.218,0.229,0.225,0.265,0.261,0.253,0.279,0.29,0.311,0.282,0.288,0.306,0.294,0.303
98,High-income countries,12.701,12.888,12.127,12.078,11.993,12.023,12.261,12.14,12.038,12.127,12.401,12.355,12.356,12.513,12.606,12.594,12.573,12.583,12.285,11.477,11.891,11.738,11.607,11.501,11.288,11.171,10.998,10.931,10.984,10.721,9.817,10.342,10.325,9.957
99,Honduras,0.503,0.493,0.532,0.542,0.579,0.668,0.656,0.661,0.772,0.735,0.765,0.838,0.857,0.939,0.986,0.914,1.005,1.049,1.065,0.981,0.956,1.037,1.058,1.054,1.046,1.12,1.033,1.067,1.01,1.128,0.941,0.99,1.002,1.037
100,Hong Kong,4.882,5.057,5.715,5.892,5.144,5.062,4.587,4.753,5.969,6.431,6.008,5.58,5.788,6.299,6.035,6.33,6.047,6.25,6.095,5.886,5.641,6.041,5.936,6.099,6.215,5.756,5.854,5.699,5.702,5.597,4.472,4.505,4.223,4.551
101,Hungary,7.073,6.728,6.005,6.082,5.985,5.954,6.123,6.0,5.975,6.025,5.716,5.885,5.804,6.095,5.947,5.975,5.923,5.825,5.709,5.145,5.21,5.042,4.711,4.397,4.425,4.733,4.795,5.051,5.052,5.032,4.832,4.979,4.63,4.149
102,Iceland,8.72,8.159,8.617,9.101,8.831,9.231,9.382,9.657,9.626,10.241,10.427,10.052,10.405,10.31,10.636,10.028,10.382,11.213,12.006,11.712,11.399,10.978,10.904,10.769,10.519,10.7,10.411,10.511,10.392,9.859,9.112,9.415,9.499,9.708
103,India,0.668,0.696,0.726,0.735,0.759,0.792,0.841,0.859,0.86,0.925,0.932,0.928,0.94,0.956,0.998,1.035,1.102,1.17,1.233,1.316,1.349,1.399,1.506,1.54,1.637,1.682,1.752,1.785,1.886,1.881,1.726,1.891,1.986,2.129
104,Indonesia,0.845,0.936,1.049,1.113,1.116,1.113,1.245,1.355,1.165,1.371,1.302,1.447,1.389,1.508,1.505,1.506,1.482,1.636,1.523,1.64,1.81,2.007,2.042,1.911,1.885,2.059,2.041,2.083,2.201,2.399,2.213,2.239,2.643,2.608
105,International aviation,0.0,0.0,0.0,0.0,0.0,0.0,0.0,0.0,0.0,0.0,0.0,0.0,0.0,0.0,0.0,0.0,0.0,0.0,0.0,0.0,0.0,0.0,0.0,0.0,0.0,0.0,0.0,0.0,0.0,0.0,0.0,0.0,0.0,0.0
106,International shipping,0.0,0.0,0.0,0.0,0.0,0.0,0.0,0.0,0.0,0.0,0.0,0.0,0.0,0.0,0.0,0.0,0.0,0.0,0.0,0.0,0.0,0.0,0.0,0.0,0.0,0.0,0.0,0.0,0.0,0.0,0.0,0.0,0.0,0.0
107,International transport,0.0,0.0,0.0,0.0,0.0,0.0,0.0,0.0,0.0,0.0,0.0,0.0,0.0,0.0,0.0,0.0,0.0,0.0,0.0,0.0,0.0,0.0,0.0,0.0,0.0,0.0,0.0,0.0,0.0,0.0,0.0,0.0,0.0,0.0
108,Iran,3.616,3.718,3.73,3.86,4.305,4.355,4.399,4.231,4.737,5.722,5.529,5.781,5.838,5.976,6.293,6.499,6.827,6.806,6.999,7.107,7.253,7.35,7.548,7.584,7.903,7.769,7.692,8.19,8.01,8.447,8.625,8.815,8.944,9.027
109,Iraq,2.79,2.543,3.218,3.288,3.795,3.827,3.475,3.435,3.532,3.471,3.409,3.823,3.712,3.778,4.09,4.014,3.444,2.152,3.242,3.487,3.657,3.823,3.964,3.998,3.749,3.78,3.962,4.238,4.589,4.618,3.825,3.693,3.886,3.915
110,Ireland,9.375,9.528,9.413,9.428,9.704,9.93,10.298,10.567,10.969,11.309,11.9,12.324,11.73,11.441,11.354,11.588,11.15,10.847,10.557,9.306,9.167,8.309,8.309,8.061,7.911,8.233,8.492,8.123,8.006,7.565,7.049,7.466,7.184,6.626
111,Israel,7.882,7.563,8.489,8.697,9.101,9.312,9.444,9.717,9.673,9.209,9.739,10.068,9.284,9.598,8.871,8.401,9.081,9.02,9.598,8.862,9.308,9.181,9.83,8.142,7.633,7.816,7.45,7.037,7.049,6.775,6.722,6.598,6.695,6.427
112,Italy,7.684,7.67,7.666,7.526,7.393,7.815,7.747,7.844,8.054,8.132,8.199,8.196,8.309,8.575,8.606,8.567,8.441,8.284,8.027,7.079,7.242,7.022,6.665,6.092,5.76,5.964,5.922,5.84,5.791,5.648,5.051,5.625,5.714,5.268
113,Jamaica,3.163,3.228,3.179,3.266,3.308,3.669,3.837,3.952,3.772,3.845,3.955,4.03,3.864,4.015,3.957,3.877,4.286,3.961,3.955,2.899,2.793,2.991,2.854,3.051,2.755,2.854,2.905,2.769,2.867,3.356,2.438,2.589,2.514,2.693
114,Japan,9.379,9.437,9.478,9.387,9.793,9.86,9.936,9.855,9.519,9.788,9.951,9.818,10.033,10.084,10.037,10.087,9.901,10.173,9.615,9.075,9.477,9.874,10.209,10.298,9.913,9.611,9.462,9.346,9.002,8.725,8.238,8.449,8.262,7.95
115,Jordan,2.893,2.53,2.903,2.708,2.905,2.779,2.814,2.789,2.76,2.704,2.822,2.839,2.924,2.958,3.174,3.389,3.194,3.14,2.964,2.988,2.825,2.84,3.139,2.98,2.946,2.677,2.468,2.522,2.403,2.319,1.929,1.865,1.799,1.852
116,Kazakhstan,15.633,15.109,13.624,12.053,10.264,10.059,9.412,9.127,9.221,7.717,9.25,8.909,10.061,11.167,11.757,12.528,13.697,13.947,13.809,13.511,14.777,14.004,14.235,14.534,15.395,15.409,15.122,15.734,16.225,14.331,13.114,12.923,12.699,12.551
117,Kenya,0.254,0.204,0.227,0.252,0.253,0.284,0.34,0.292,0.345,0.339,0.34,0.293,0.242,0.199,0.219,0.239,0.259,0.258,0.261,0.305,0.292,0.315,0.285,0.299,0.316,0.361,0.377,0.36,0.375,0.387,0.421,0.419,0.394,0.389
118,Kiribati,0.294,0.288,0.33,0.372,0.366,0.361,0.355,0.348,0.342,0.336,0.413,0.406,0.397,0.428,0.419,0.486,0.476,0.467,0.457,0.447,0.539,0.497,0.457,0.451,0.508,0.47,0.464,0.548,0.54,0.532,0.523,0.514,0.518,0.521
119,Kosovo,0.0,0.0,0.0,0.0,0.0,0.0,0.0,0.0,0.0,0.0,0.0,0.0,0.0,0.0,0.09,0.089,0.089,0.092,4.088,4.518,4.671,4.629,4.344,4.386,3.943,4.66,4.991,4.537,4.551,4.78,4.825,5.062,5.06,4.927
120,Kuwait,22.44,364.688,18.134,29.381,34.365,33.379,29.838,31.673,28.635,28.935,28.081,29.406,29.12,29.545,30.422,33.274,32.16,30.767,31.787,31.736,30.874,28.079,30.655,24.036,20.851,24.647,27.449,25.02,24.685,24.436,21.739,21.815,21.235,20.508
121,Kuwaiti Oil Fires,0.0,0.0,0.0,0.0,0.0,0.0,0.0,0.0,0.0,0.0,0.0,0.0,0.0,0.0,0.0,0.0,0.0,0.0,0.0,0.0,0.0,0.0,0.0,0.0,0.0,0.0,0.0,0.0,0.0,0.0,0.0,0.0,0.0,0.0
122,Kuwaiti Oil Fires (GCP),0.0,0.0,0.0,0.0,0.0,0.0,0.0,0.0,0.0,0.0,0.0,0.0,0.0,0.0,0.0,0.0,0.0,0.0,0.0,0.0,0.0,0.0,0.0,0.0,0.0,0.0,0.0,0.0,0.0,0.0,0.0,0.0,0.0,0.0
123,Kyrgyzstan,4.305,3.507,2.4,1.83,1.322,0.956,1.182,1.147,1.202,0.934,0.91,0.76,0.961,1.042,1.116,1.052,1.034,1.228,1.4,1.243,1.157,1.362,1.771,1.679,1.735,1.71,1.575,1.505,1.762,1.393,1.253,1.514,1.442,1.435
124,Laos,0.119,0.123,0.13,0.13,0.132,0.136,0.149,0.154,0.156,0.158,0.177,0.192,0.208,0.214,0.222,0.228,0.295,0.303,0.347,0.427,0.474,0.493,0.521,0.645,0.664,1.357,2.382,2.805,2.884,2.636,2.653,3.059,3.1,3.235
125,Latvia,7.391,6.765,5.428,4.65,4.113,3.674,3.748,3.567,3.446,3.228,2.99,3.206,3.254,3.375,3.415,3.487,3.745,3.925,3.765,3.481,4.078,3.792,3.696,3.661,3.597,3.672,3.679,3.714,4.076,3.996,3.681,3.839,3.519,3.46
126,Least developed countries (Jones et al.),0.0,0.0,0.0,0.0,0.0,0.0,0.0,0.0,0.0,0.0,0.0,0.0,0.0,0.0,0.0,0.0,0.0,0.0,0.0,0.0,0.0,0.0,0.0,0.0,0.0,0.0,0.0,0.0,0.0,0.0,0.0,0.0,0.0,0.0
127,Lebanon,2.189,2.212,2.596,2.71,2.856,3.094,3.161,3.675,3.895,3.861,3.572,3.727,3.639,4.094,3.742,3.565,3.113,2.838,3.536,4.198,3.967,3.976,4.265,3.859,3.78,3.976,4.182,4.517,4.371,4.428,4.176,3.374,3.294,3.373
128,Lesotho,0.814,0.829,0.847,0.859,0.869,0.875,0.881,0.89,0.902,0.911,0.923,0.938,0.955,0.973,1.006,1.03,1.047,1.062,1.081,1.119,1.14,1.521,1.52,1.135,1.189,1.065,1.039,1.165,1.086,1.081,0.972,1.515,1.676,1.682
129,Liberia,0.205,0.191,0.189,0.194,0.193,0.192,0.191,0.185,0.177,0.133,0.136,0.138,0.14,0.149,0.173,0.197,0.193,0.17,0.139,0.132,0.175,0.194,0.209,0.196,0.161,0.15,0.135,0.138,0.123,0.185,0.151,0.149,0.147,0.14
130,Libya,8.214,9.379,7.979,8.178,10.651,11.126,10.818,10.224,10.048,9.632,10.036,9.829,9.535,9.872,9.91,9.556,8.992,7.272,7.97,8.109,9.103,8.441,9.97,8.144,10.634,9.591,9.073,10.325,9.537,10.969,4.86,7.924,7.966,8.346
131,Liechtenstein,6.882,7.041,6.956,7.121,6.567,6.576,6.539,6.841,7.088,6.918,6.545,6.414,6.515,6.728,6.667,6.597,6.603,5.696,6.19,5.747,5.298,4.871,5.061,5.214,4.336,4.269,3.981,4.113,3.746,3.875,3.659,3.735,3.898,3.969
132,Lithuania,9.681,10.227,5.734,4.444,4.324,4.161,4.382,4.253,4.519,3.828,3.393,3.636,3.688,3.717,3.936,4.184,4.353,4.802,4.677,4.066,4.466,4.62,4.713,4.455,4.393,4.504,4.585,4.708,4.807,4.904,4.851,4.957,4.564,4.366
133,Low-income countries,0.645,0.62,0.553,0.511,0.48,0.459,0.425,0.416,0.403,0.418,0.421,0.416,0.375,0.416,0.409,0.409,0.415,0.414,0.426,0.413,0.401,0.359,0.323,0.297,0.296,0.254,0.259,0.319,0.306,0.315,0.295,0.278,0.269,0.267
134,Lower-middle-income countries,0.646,0.656,0.678,0.689,0.723,0.745,0.786,0.806,0.812,0.843,0.86,0.852,0.858,0.88,0.911,0.935,0.969,1.008,1.047,1.08,1.117,1.159,1.202,1.217,1.285,1.318,1.376,1.415,1.461,1.496,1.409,1.494,1.521,1.585
135,Luxembourg,30.948,32.118,31.105,31.069,28.627,22.378,22.201,20.399,18.047,18.882,19.953,20.839,22.354,23.13,25.789,25.951,25.184,23.538,22.841,21.327,22.062,21.399,20.466,19.018,17.646,16.408,15.579,15.529,15.733,15.741,12.805,13.151,11.138,10.514
136,Macao,2.567,2.67,2.628,2.892,3.024,2.821,3.196,3.293,3.414,3.313,3.494,3.507,3.045,3.031,3.282,3.395,2.866,2.61,2.113,3.441,2.194,2.247,1.927,1.652,2.119,2.844,2.807,2.981,1.885,1.807,1.513,1.477,1.472,1.481
137,Madagascar,0.078,0.083,0.078,0.078,0.085,0.085,0.086,0.102,0.105,0.11,0.118,0.102,0.07,0.094,0.097,0.091,0.085,0.085,0.085,0.079,0.084,0.104,0.117,0.132,0.125,0.128,0.129,0.148,0.136,0.152,0.137,0.15,0.142,0.143
138,Malawi,0.078,0.08,0.078,0.086,0.089,0.089,0.089,0.087,0.084,0.081,0.076,0.067,0.072,0.075,0.072,0.066,0.064,0.068,0.071,0.07,0.065,0.069,0.068,0.071,0.063,0.063,0.069,0.068,0.093,0.09,0.091,0.094,0.085,0.083
139,Malaysia,3.043,3.586,3.874,4.482,4.415,5.391,5.281,5.542,5.011,4.635,5.35,5.564,5.478,6.215,6.718,6.579,6.441,6.499,6.995,6.831,6.957,6.977,7.18,8.009,7.983,7.554,7.464,7.555,7.98,8.368,7.766,7.968,8.227,8.222
140,Maldives,0.766,0.664,0.968,0.808,0.789,0.971,1.103,1.232,1.102,1.519,1.598,1.61,2.035,1.705,2.212,1.961,2.37,2.405,2.507,2.535,2.59,2.638,2.87,2.729,3.18,2.987,3.24,3.302,3.679,4.087,3.342,3.819,3.851,3.921
141,Mali,0.046,0.045,0.048,0.052,0.055,0.058,0.062,0.068,0.086,0.086,0.092,0.098,0.098,0.098,0.107,0.107,0.11,0.124,0.131,0.122,0.131,0.138,0.144,0.157,0.174,0.183,0.224,0.241,0.254,0.277,0.297,0.308,0.303,0.284
142,Malta,6.598,6.118,6.119,7.629,6.969,6.376,6.537,6.543,6.412,6.482,6.172,6.794,6.774,7.253,6.935,6.411,6.391,6.538,6.495,6.085,6.197,6.142,6.443,5.67,5.563,3.819,3.021,3.285,3.193,3.271,3.088,3.072,3.358,3.419
143,Marshall Islands,0.0,0.0,1.658,1.789,1.766,1.821,1.802,1.785,1.842,1.751,1.95,2.006,2.137,2.057,2.263,2.187,2.325,2.393,2.464,2.535,2.604,2.681,2.636,2.746,2.869,2.927,2.994,3.149,3.235,3.329,3.43,3.541,3.743,3.947
144,Mauritania,0.437,0.432,0.433,0.426,0.425,0.439,0.451,0.447,0.432,0.431,0.426,0.438,0.456,0.46,0.483,0.489,0.514,0.568,0.576,0.613,0.617,0.637,0.676,0.581,0.667,0.757,0.643,0.851,1.026,1.034,1.039,0.951,0.939,0.879
145,Mauritius,1.342,1.379,1.528,1.566,1.416,1.576,1.663,1.686,1.815,2.011,2.211,2.334,2.337,2.463,2.471,2.62,2.87,2.903,2.955,2.899,3.051,3.045,3.075,3.15,3.256,3.258,3.364,3.515,3.46,3.515,2.967,3.104,3.078,3.25
146,Mexico,3.825,3.906,3.864,3.853,3.938,3.642,3.694,3.855,3.987,3.975,3.969,4.071,4.04,4.234,4.201,4.38,4.424,4.354,4.285,4.11,4.017,4.194,4.293,4.186,4.041,3.96,3.917,3.763,3.76,3.723,3.383,3.501,3.618,3.72
147,Micronesia (country),0.0,0.0,1.293,1.334,1.411,1.629,1.655,1.748,1.809,1.706,1.602,1.467,1.336,1.436,1.277,1.052,1.026,1.2,1.009,1.357,0.954,1.089,1.154,1.254,1.251,1.314,1.31,1.305,1.3,1.329,1.321,1.28,1.305,1.327
148,Middle East (GCP),0.0,0.0,0.0,0.0,0.0,0.0,0.0,0.0,0.0,0.0,0.0,0.0,0.0,0.0,0.0,0.0,0.0,0.0,0.0,0.0,0.0,0.0,0.0,0.0,0.0,0.0,0.0,0.0,0.0,0.0,0.0,0.0,0.0,0.0
149,Moldova,8.195,6.641,4.708,3.562,2.802,2.584,2.664,1.676,1.492,1.095,0.844,0.904,0.978,1.075,1.14,1.238,1.283,1.293,1.373,1.225,1.33,1.39,1.368,1.437,1.424,1.455,1.515,1.635,1.723,1.765,1.707,1.935,1.905,1.944
150,Monaco,0.0,0.0,0.0,0.0,0.0,0.0,0.0,0.0,0.0,0.0,0.0,0.0,0.0,0.0,0.0,0.0,0.0,0.0,0.0,0.0,0.0,0.0,0.0,0.0,0.0,0.0,0.0,0.0,0.0,0.0,0.0,0.0,0.0,0.0
151,Mongolia,4.523,5.429,4.887,4.044,3.411,3.355,3.358,3.187,3.159,3.076,3.027,3.15,3.279,3.145,3.343,3.322,3.591,4.585,4.524,4.887,5.098,7.784,12.52,15.245,10.17,7.822,8.428,10.996,14.305,14.617,11.266,12.532,12.822,13.657
152,Montenegro,3.16,2.224,2.369,2.06,1.995,2.102,2.455,2.636,2.772,1.911,2.398,2.63,2.787,2.982,3.221,2.761,3.254,3.245,4.116,2.659,3.832,3.805,3.493,3.397,3.337,3.564,3.228,3.392,3.897,4.049,3.96,3.993,3.889,3.675
153,Montserrat,2.739,2.801,2.927,3.1,3.719,3.994,4.805,4.725,4.637,6.445,5.076,5.556,10.585,8.115,10.489,8.812,8.75,8.669,10.134,9.239,12.165,7.561,8.358,9.977,10.053,11.711,6.283,6.339,6.379,4.817,4.851,4.88,4.762,5.008
154,Morocco,0.915,0.955,0.981,1.045,1.082,1.089,1.101,1.102,1.118,1.141,1.168,1.277,1.278,1.237,1.41,1.471,1.503,1.568,1.625,1.588,1.674,1.667,1.707,1.675,1.672,1.69,1.669,1.724,1.738,1.898,1.765,1.901,1.862,1.821
155,Mozambique,0.078,0.071,0.075,0.081,0.073,0.071,0.066,0.069,0.064,0.066,0.073,0.084,0.081,0.096,0.094,0.087,0.092,0.103,0.1,0.109,0.115,0.131,0.125,0.143,0.315,0.254,0.313,0.245,0.242,0.238,0.207,0.248,0.256,0.239
156,Myanmar,0.106,0.102,0.118,0.128,0.147,0.162,0.167,0.17,0.182,0.199,0.226,0.193,0.202,0.214,0.267,0.244,0.268,0.267,0.202,0.21,0.268,0.306,0.237,0.253,0.313,0.428,0.411,0.455,0.651,0.639,0.652,0.554,0.549,0.558
157,Namibia,0.0,0.738,0.777,0.911,1.001,1.011,1.044,1.076,1.076,0.98,0.947,1.2,1.043,1.091,1.155,1.286,1.264,1.153,1.396,1.282,1.32,1.296,1.459,1.594,1.618,1.656,1.629,1.635,1.633,1.599,1.404,1.388,1.414,1.409
158,Nauru,12.916,12.618,12.041,11.22,10.816,10.431,10.052,10.04,9.68,8.974,8.273,7.944,7.614,6.54,6.54,6.185,4.37,4.379,4.383,4.014,4.368,3.984,4.273,4.52,4.765,5.008,4.591,4.842,4.78,4.734,4.397,4.687,4.761,4.832
159,Nepal,0.037,0.051,0.06,0.066,0.075,0.104,0.103,0.114,0.094,0.132,0.124,0.13,0.103,0.109,0.099,0.114,0.092,0.096,0.124,0.152,0.176,0.19,0.199,0.225,0.274,0.248,0.361,0.443,0.499,0.449,0.54,0.533,0.541,0.562
160,Netherlands,10.831,11.296,11.193,11.109,11.09,11.131,11.657,11.145,11.131,10.717,10.707,10.953,10.838,10.996,11.074,10.806,10.494,10.455,10.586,10.203,10.869,10.039,9.789,9.71,9.239,9.571,9.568,9.36,9.072,8.691,7.749,7.878,7.107,6.559
161,New Caledonia,8.933,9.703,8.466,9.579,10.076,10.295,10.651,8.672,8.456,9.406,9.952,8.241,10.301,11.516,10.441,11.497,10.933,11.673,11.22,11.801,13.983,13.86,13.641,14.341,17.811,17.222,19.341,19.692,20.853,20.002,17.978,15.906,17.815,17.482
162,New Zealand,7.506,7.52,7.973,7.767,7.704,7.62,7.857,8.28,7.833,8.202,8.358,8.834,8.742,9.01,8.775,9.051,8.926,8.621,8.801,8.043,8.006,7.818,8.147,7.912,7.834,7.759,7.242,7.415,7.285,7.362,6.711,6.72,6.16,5.823
163,Nicaragua,0.491,0.466,0.545,0.512,0.553,0.593,0.602,0.648,0.695,0.726,0.741,0.771,0.775,0.832,0.83,0.799,0.815,0.828,0.783,0.786,0.779,0.826,0.771,0.77,0.782,0.883,0.867,0.865,0.812,0.805,0.71,0.774,0.787,0.819
164,Niger,0.072,0.066,0.059,0.066,0.061,0.057,0.064,0.062,0.065,0.061,0.06,0.054,0.055,0.058,0.06,0.05,0.047,0.048,0.052,0.06,0.07,0.077,0.103,0.112,0.117,0.111,0.104,0.105,0.081,0.11,0.104,0.111,0.107,0.099
165,Nigeria,0.4,0.42,0.452,0.426,0.745,0.761,0.861,0.82,0.722,0.691,0.773,0.777,0.678,0.734,0.677,0.706,0.61,0.544,0.574,0.496,0.687,0.754,0.647,0.677,0.695,0.607,0.634,0.593,0.549,0.639,0.605,0.618,0.59,0.564
166,Niue,2.924,2.96,3.0,3.05,3.102,3.15,3.2,3.269,3.351,3.428,3.544,3.651,3.729,1.9,1.938,1.982,2.015,2.024,4.06,2.034,2.052,4.126,4.108,4.103,6.134,4.064,4.058,4.064,6.09,4.04,4.022,3.991,4.069,4.165
167,Non-OECD (GCP),0.0,0.0,0.0,0.0,0.0,0.0,0.0,0.0,0.0,0.0,0.0,0.0,0.0,0.0,0.0,0.0,0.0,0.0,0.0,0.0,0.0,0.0,0.0,0.0,0.0,0.0,0.0,0.0,0.0,0.0,0.0,0.0,0.0,0.0
168,North America,14.156,13.825,13.917,13.963,14.056,14.01,14.318,14.399,14.382,14.415,14.758,14.405,14.345,14.413,14.452,14.384,14.102,14.141,13.537,12.479,12.736,12.417,11.949,12.065,12.008,11.624,11.272,11.079,11.283,11.004,9.809,10.379,10.443,10.128
169,North America (GCP),0.0,0.0,0.0,0.0,0.0,0.0,0.0,0.0,0.0,0.0,0.0,0.0,0.0,0.0,0.0,0.0,0.0,0.0,0.0,0.0,0.0,0.0,0.0,0.0,0.0,0.0,0.0,0.0,0.0,0.0,0.0,0.0,0.0,0.0
170,North America (excl. USA),5.114,5.044,5.041,4.99,5.082,4.994,5.089,5.229,5.288,5.336,5.455,5.445,5.433,5.601,5.517,5.575,5.584,5.636,5.483,5.198,5.195,5.286,5.296,5.227,5.122,5.073,4.965,4.88,4.886,4.88,4.368,4.524,4.595,4.642
171,North Korea,5.607,5.265,4.505,4.058,3.643,3.356,2.895,2.755,2.52,2.73,2.923,3.009,2.867,2.912,2.957,3.075,3.106,2.576,2.84,2.72,2.616,1.906,1.853,1.426,1.563,1.222,1.331,2.699,2.414,2.669,2.508,2.057,2.134,2.3
172,North Macedonia,5.378,3.788,4.13,3.787,3.966,3.966,4.679,4.169,4.735,4.288,4.116,4.011,3.776,4.098,3.942,4.113,4.141,4.329,4.315,3.997,3.99,4.331,4.186,3.72,3.606,3.412,3.394,3.685,3.978,4.03,3.719,3.505,3.873,4.066
173,Norway,8.253,7.851,8.024,8.335,8.729,8.823,9.478,9.45,9.437,9.546,9.377,9.637,9.377,9.617,9.634,9.358,9.407,9.681,9.37,8.922,9.331,9.034,8.813,8.763,8.751,8.766,8.533,8.37,8.36,8.002,7.665,7.586,7.478,7.048
174,OECD (GCP),0.0,0.0,0.0,0.0,0.0,0.0,0.0,0.0,0.0,0.0,0.0,0.0,0.0,0.0,0.0,0.0,0.0,0.0,0.0,0.0,0.0,0.0,0.0,0.0,0.0,0.0,0.0,0.0,0.0,0.0,0.0,0.0,0.0,0.0
175,OECD (Jones et al.),0.0,0.0,0.0,0.0,0.0,0.0,0.0,0.0,0.0,0.0,0.0,0.0,0.0,0.0,0.0,0.0,0.0,0.0,0.0,0.0,0.0,0.0,0.0,0.0,0.0,0.0,0.0,0.0,0.0,0.0,0.0,0.0,0.0,0.0
176,Oceania,11.631,11.507,11.585,11.57,11.581,11.8,11.903,12.072,12.333,12.503,12.557,12.686,12.655,12.749,12.965,12.906,12.866,12.853,12.74,12.473,12.215,11.974,11.848,11.454,11.17,11.206,11.213,11.126,11.013,10.87,10.262,9.925,9.668,9.499
177,Oceania (GCP),0.0,0.0,0.0,0.0,0.0,0.0,0.0,0.0,0.0,0.0,0.0,0.0,0.0,0.0,0.0,0.0,0.0,0.0,0.0,0.0,0.0,0.0,0.0,0.0,0.0,0.0,0.0,0.0,0.0,0.0,0.0,0.0,0.0,0.0
178,Oman,6.362,6.262,6.136,6.541,8.35,8.835,8.395,8.241,8.299,9.759,10.468,9.698,11.485,14.534,12.069,12.847,15.972,17.536,17.967,16.493,18.56,18.53,17.684,17.025,16.468,16.151,15.014,14.599,15.306,15.622,15.174,16.691,16.195,15.549
179,Pakistan,0.584,0.562,0.583,0.608,0.643,0.621,0.675,0.658,0.66,0.66,0.671,0.662,0.692,0.703,0.758,0.762,0.802,0.855,0.819,0.8,0.774,0.76,0.745,0.719,0.731,0.693,0.809,0.978,0.927,0.9,0.982,1.035,0.918,0.811
180,Palau,15.345,14.998,12.353,12.067,11.78,11.493,11.189,10.916,10.667,10.454,10.874,11.155,10.883,10.797,10.896,11.083,11.581,13.084,10.783,10.562,11.339,11.945,12.563,12.857,12.393,11.533,11.924,12.12,11.911,12.337,11.927,11.933,12.236,12.526
181,Palestine,0.403,0.396,0.394,0.385,0.382,0.359,0.377,0.302,0.493,0.447,0.527,0.416,0.347,0.376,0.632,0.77,0.621,0.622,0.536,0.533,0.506,0.546,0.522,0.565,0.642,0.664,0.698,0.689,0.61,0.658,0.656,0.701,0.663,0.646
182,Panama,1.072,1.238,1.606,1.447,1.565,1.341,1.599,1.632,2.039,1.905,1.903,2.265,1.86,1.909,1.757,2.104,2.229,2.138,2.095,2.374,2.5,2.695,2.598,2.748,2.789,2.724,2.591,2.395,2.28,3.1,1.689,2.426,2.58,3.144
183,Papua New Guinea,0.553,0.539,0.526,0.507,0.488,0.443,0.455,0.524,0.684,0.477,0.531,0.582,0.618,0.662,0.742,0.762,0.749,0.945,0.772,0.711,0.618,0.674,0.542,0.546,0.718,0.723,0.784,0.713,0.808,0.831,0.801,0.812,0.804,0.801
184,Paraguay,0.529,0.508,0.607,0.668,0.761,0.86,0.793,0.861,0.895,0.875,0.707,0.712,0.733,0.757,0.754,0.694,0.71,0.727,0.762,0.799,0.875,0.894,0.877,0.865,0.899,0.982,1.151,1.251,1.307,1.248,1.117,1.217,1.199,1.189
185,Peru,0.972,0.923,0.915,1.02,1.012,1.033,0.996,1.098,1.09,1.129,1.078,0.943,0.932,0.895,1.017,1.079,0.996,1.202,1.229,1.367,1.461,1.439,1.54,1.443,1.64,1.616,1.708,1.751,1.751,1.799,1.429,1.569,1.637,1.651
186,Philippines,0.651,0.668,0.727,0.719,0.779,0.844,0.842,0.942,0.895,0.871,0.903,0.862,0.844,0.827,0.841,0.831,0.74,0.773,0.83,0.804,0.857,0.849,0.88,0.936,0.971,1.062,1.134,1.243,1.286,1.295,1.18,1.248,1.271,1.345
187,Poland,9.897,9.793,9.534,9.536,9.394,9.452,9.836,9.576,8.847,8.6,8.298,8.197,8.008,8.349,8.484,8.466,8.841,8.835,8.674,8.316,8.773,8.731,8.522,8.414,8.091,8.173,8.456,8.803,8.788,8.312,7.923,8.701,8.207,7.463
188,Portugal,4.536,4.728,5.116,4.961,5.025,5.433,5.145,5.407,5.828,6.547,6.385,6.296,6.682,6.168,6.421,6.63,6.163,5.915,5.681,5.403,5.0,4.905,4.749,4.604,4.607,5.037,4.863,5.34,4.972,4.6,4.025,3.877,3.906,3.569
189,Qatar,25.924,38.211,57.021,63.325,64.756,64.427,65.07,76.624,63.54,59.18,62.504,67.584,63.366,62.462,61.19,57.608,61.295,49.134,43.195,41.029,42.956,45.0,48.933,40.739,41.101,37.57,33.618,36.986,34.575,36.105,36.564,37.032,36.699,38.841
190,Romania,7.696,6.2,5.764,5.374,5.316,5.551,5.731,5.273,4.706,4.017,4.234,4.516,4.561,4.809,4.827,4.778,4.959,5.193,5.161,4.263,4.125,4.548,4.447,3.918,3.961,3.916,3.859,4.02,4.064,3.921,3.801,4.014,3.808,3.569
191,Russia,17.024,16.104,13.205,12.602,11.118,10.923,10.716,10.025,9.925,10.148,10.082,10.373,10.325,10.542,10.635,10.806,11.263,11.287,11.488,10.739,11.344,11.704,11.791,11.344,11.316,11.277,11.215,11.397,11.695,11.636,11.156,11.739,12.379,12.486
192,Rwanda,0.071,0.063,0.062,0.061,0.068,0.08,0.069,0.062,0.06,0.062,0.063,0.063,0.062,0.059,0.058,0.057,0.055,0.057,0.054,0.055,0.056,0.061,0.066,0.071,0.073,0.083,0.088,0.095,0.103,0.107,0.105,0.124,0.113,0.11
193,Ryukyu Islands,0.0,0.0,0.0,0.0,0.0,0.0,0.0,0.0,0.0,0.0,0.0,0.0,0.0,0.0,0.0,0.0,0.0,0.0,0.0,0.0,0.0,0.0,0.0,0.0,0.0,0.0,0.0,0.0,0.0,0.0,0.0,0.0,0.0,0.0
194,Ryukyu Islands (GCP),0.0,0.0,0.0,0.0,0.0,0.0,0.0,0.0,0.0,0.0,0.0,0.0,0.0,0.0,0.0,0.0,0.0,0.0,0.0,0.0,0.0,0.0,0.0,0.0,0.0,0.0,0.0,0.0,0.0,0.0,0.0,0.0,0.0,0.0
195,Saint Helena,1.104,1.11,1.12,1.692,1.709,1.725,1.742,1.759,1.777,1.798,1.818,1.843,1.87,1.903,1.936,1.973,2.014,2.056,2.076,2.066,2.054,2.041,2.025,2.012,2.001,1.988,2.644,1.988,1.996,2.672,2.017,2.03,1.985,2.091
196,Saint Kitts and Nevis,2.626,2.631,2.698,2.752,2.893,3.028,3.074,3.289,3.413,3.613,3.804,3.841,4.297,4.283,4.586,4.259,4.325,4.626,4.614,4.761,4.69,4.92,4.672,4.746,4.9,4.978,5.057,5.137,5.22,5.382,4.922,4.934,4.789,4.991
197,Saint Lucia,1.302,1.365,1.5,1.631,1.783,1.854,1.948,1.945,2.108,2.151,2.194,2.241,2.221,2.316,2.454,2.347,2.462,2.533,2.518,2.502,2.851,2.836,2.845,2.811,2.777,2.744,2.712,2.784,2.877,2.825,2.713,2.832,2.742,2.852
198,Saint Pierre and Miquelon,14.364,16.03,14.82,11.379,10.785,10.778,10.792,7.399,8.598,8.672,8.7,8.725,9.345,9.992,9.469,10.146,10.822,10.858,10.878,10.894,10.907,10.926,10.957,10.994,11.021,11.045,11.071,11.092,9.883,11.18,10.644,9.473,9.251,9.74
199,Saint Vincent and the Grenadines,0.721,0.751,0.749,0.91,1.071,1.134,1.166,1.166,1.424,1.454,1.291,1.582,1.648,1.749,1.948,1.955,1.93,2.102,1.98,2.52,1.999,1.977,2.123,2.033,2.351,2.192,2.274,2.046,2.304,2.145,2.3,2.28,2.228,2.341
200,Samoa,0.52,0.562,0.581,0.597,0.55,0.651,0.707,0.702,0.799,0.752,0.786,0.84,0.874,0.85,0.885,0.901,0.917,0.951,0.848,0.88,0.949,0.978,0.951,0.979,1.007,1.126,1.17,1.195,1.147,1.292,1.141,1.148,1.168,1.185
201,San Marino,0.0,0.0,0.0,0.0,0.0,0.0,0.0,0.0,0.0,0.0,0.0,0.0,0.0,0.0,0.0,0.0,0.0,0.0,0.0,0.0,0.0,0.0,0.0,0.0,0.0,0.0,0.0,0.0,0.0,0.0,0.0,0.0,0.0,0.0
202,Sao Tome and Principe,0.387,0.379,0.372,0.365,0.359,0.353,0.348,0.343,0.338,0.334,0.331,0.35,0.391,0.429,0.465,0.476,0.509,0.497,0.485,0.515,0.564,0.533,0.58,0.569,0.652,0.677,0.737,0.673,0.662,0.67,0.64,0.644,0.706,0.72
203,Saudi Arabia,17.106,21.915,23.624,24.381,22.846,20.67,19.492,15.808,14.677,15.371,19.147,19.043,19.379,18.705,20.737,20.059,20.745,18.934,20.17,20.823,22.1,20.707,22.396,20.823,20.193,20.851,20.889,19.936,20.994,21.579,19.879,22.211,22.481,22.132
204,Senegal,0.407,0.425,0.419,0.421,0.445,0.388,0.404,0.343,0.351,0.37,0.391,0.417,0.424,0.46,0.477,0.493,0.385,0.413,0.393,0.426,0.543,0.603,0.553,0.573,0.616,0.675,0.666,0.695,0.712,0.777,0.645,0.715,0.695,0.658
205,Serbia,7.338,5.202,5.558,4.853,4.726,5.003,5.869,6.325,6.681,4.627,5.842,6.444,6.857,7.354,7.952,6.849,8.099,7.959,6.946,6.181,6.179,6.647,5.972,6.125,5.148,6.099,6.321,6.437,6.313,6.356,6.539,6.391,6.408,6.254
206,Seychelles,2.03,2.301,2.277,2.397,2.608,2.532,2.972,3.449,3.585,3.707,3.781,4.07,4.053,3.914,4.197,4.268,4.256,4.406,4.473,4.695,4.667,4.191,4.269,4.055,4.376,4.646,5.037,5.116,5.223,5.045,4.965,4.975,4.411,4.306
207,Sierra Leone,0.119,0.131,0.068,0.063,0.066,0.053,0.055,0.048,0.051,0.041,0.061,0.079,0.101,0.103,0.097,0.077,0.103,0.085,0.086,0.083,0.087,0.111,0.127,0.156,0.164,0.154,0.159,0.147,0.136,0.13,0.13,0.155,0.154,0.146
208,Singapore,14.323,14.104,14.704,14.968,17.58,11.474,13.102,14.944,12.153,12.404,9.261,9.359,9.696,9.553,9.826,9.278,9.212,8.942,8.363,8.212,8.745,9.069,8.709,8.727,8.721,8.941,8.803,8.94,8.927,8.643,8.309,9.033,8.473,8.508
209,Sint Maarten (Dutch part),19.022,14.177,11.116,16.913,16.27,16.174,15.213,16.023,0.89,6.718,17.941,18.296,17.505,17.316,17.958,17.594,18.13,20.185,19.207,19.448,13.278,16.704,19.869,19.92,19.771,19.841,19.434,18.127,17.336,17.046,15.897,16.474,15.755,16.201
210,Slovakia,11.684,10.091,9.22,8.711,8.198,8.254,8.22,8.222,8.164,8.012,7.656,8.045,7.828,7.891,7.984,7.984,7.951,7.654,7.724,7.019,7.133,7.048,6.654,6.584,6.225,6.37,6.442,6.654,6.643,6.207,5.711,6.47,5.765,5.571
211,Slovenia,7.555,6.99,6.956,7.158,7.361,7.723,8.053,8.318,8.1,7.779,7.577,8.194,8.317,8.166,8.379,8.481,8.576,8.611,9.026,7.96,8.05,7.985,7.675,7.356,6.588,6.624,7.014,7.087,7.016,6.739,6.114,6.179,6.005,5.348
212,Solomon Islands,0.442,0.461,0.458,0.475,0.49,0.495,0.5,0.504,0.516,0.502,0.507,0.522,0.536,0.55,0.579,0.584,0.589,0.601,0.605,0.615,0.619,0.623,0.607,0.628,0.535,0.458,0.437,0.417,0.408,0.403,0.389,0.38,0.379,0.379
213,Somalia,0.11,0.103,0.103,0.094,0.088,0.08,0.076,0.068,0.062,0.057,0.054,0.054,0.058,0.057,0.055,0.053,0.051,0.054,0.052,0.05,0.05,0.05,0.049,0.049,0.047,0.046,0.044,0.043,0.041,0.04,0.036,0.036,0.031,0.03
214,South Africa,7.68,7.821,7.099,7.399,7.697,8.12,8.061,8.436,8.162,8.022,8.022,7.813,7.425,8.338,9.171,8.41,8.936,9.204,9.678,9.173,8.845,8.792,8.534,8.388,8.489,7.869,7.983,7.634,7.414,7.789,7.167,6.925,6.498,6.358
215,South America,2.024,2.014,2.018,2.095,2.069,2.14,2.199,2.306,2.342,2.371,2.336,2.246,2.295,2.268,2.34,2.379,2.426,2.492,2.58,2.486,2.746,2.762,2.874,3.008,3.019,2.92,2.774,2.711,2.565,2.563,2.3,2.523,2.548,2.563
216,South America (GCP),0.0,0.0,0.0,0.0,0.0,0.0,0.0,0.0,0.0,0.0,0.0,0.0,0.0,0.0,0.0,0.0,0.0,0.0,0.0,0.0,0.0,0.0,0.0,0.0,0.0,0.0,0.0,0.0,0.0,0.0,0.0,0.0,0.0,0.0
217,South Korea,5.683,6.204,6.716,7.356,7.881,8.457,9.225,9.686,8.177,8.828,9.408,9.685,10.065,10.212,10.302,10.422,10.488,10.829,11.015,11.078,12.187,12.69,12.66,12.674,12.453,12.439,12.435,12.713,12.977,12.481,11.524,11.882,11.627,11.158
218,South Sudan,0.089,0.081,0.072,0.049,0.066,0.066,0.066,0.079,0.067,0.071,0.074,0.081,0.099,0.106,0.127,0.116,0.121,0.135,0.136,0.135,0.13,0.12,0.124,0.129,0.133,0.172,0.157,0.142,0.172,0.171,0.158,0.162,0.144,0.138
219,Spain,5.889,6.122,6.302,6.048,6.324,6.636,6.294,6.57,6.754,7.296,7.559,7.56,7.95,7.912,8.165,8.379,8.047,8.072,7.265,6.358,6.04,6.039,5.914,5.376,5.441,5.799,5.556,5.837,5.703,5.283,4.443,4.799,4.906,4.626
220,Sri Lanka,0.234,0.251,0.305,0.292,0.315,0.331,0.389,0.412,0.416,0.45,0.525,0.527,0.553,0.549,0.605,0.59,0.579,0.593,0.581,0.624,0.625,0.709,0.746,0.679,0.808,0.906,1.049,1.036,0.903,0.948,0.914,1.014,0.872,0.884
221,Sudan,0.217,0.199,0.175,0.117,0.16,0.161,0.162,0.195,0.165,0.175,0.19,0.211,0.261,0.285,0.356,0.338,0.361,0.414,0.422,0.428,0.426,0.407,0.427,0.46,0.337,0.356,0.478,0.475,0.464,0.475,0.452,0.462,0.41,0.4
222,Suriname,4.212,4.875,4.862,4.859,4.835,4.796,4.746,4.697,4.601,4.546,4.599,4.856,3.142,3.037,3.027,3.059,3.312,3.308,3.595,3.662,4.31,4.953,4.429,5.531,5.563,4.665,4.969,4.087,3.485,4.351,4.765,4.278,4.236,4.21
223,Sweden,6.721,6.702,6.643,6.604,6.836,6.743,7.17,6.6,6.644,6.32,6.191,6.277,6.351,6.395,6.284,5.966,5.918,5.793,5.517,5.08,5.664,5.208,4.907,4.708,4.483,4.431,4.375,4.219,4.133,3.972,3.545,3.709,3.573,3.465
224,Switzerland,6.576,6.787,6.693,6.286,6.101,6.166,6.237,6.072,6.276,6.221,6.072,6.239,5.972,6.088,6.126,6.16,6.066,5.746,5.849,5.625,5.755,5.177,5.281,5.336,4.789,4.674,4.677,4.515,4.328,4.281,3.961,4.109,3.733,3.691
225,Syria,2.945,3.251,3.18,3.278,3.213,3.153,3.138,3.195,3.36,3.398,3.256,2.988,2.31,3.073,2.797,2.698,2.733,3.192,3.132,2.865,2.745,2.572,2.015,1.571,1.526,1.473,1.404,1.643,1.5,1.346,1.25,1.204,1.127,1.081
226,Taiwan,6.033,6.43,6.788,7.275,7.565,7.897,8.202,8.717,9.095,9.369,10.161,10.31,10.572,10.992,11.403,11.693,12.068,12.174,11.56,10.923,11.657,11.892,11.706,11.726,11.799,11.741,11.879,12.09,11.999,11.593,11.503,12.037,11.685,11.2
227,Tajikistan,2.23,1.761,1.294,0.903,0.404,0.411,0.465,0.35,0.404,0.405,0.355,0.357,0.287,0.311,0.377,0.352,0.376,0.449,0.395,0.326,0.331,0.299,0.366,0.354,0.546,0.613,0.642,0.755,0.866,0.912,0.965,0.926,0.881,0.871
228,Tanzania,0.081,0.084,0.079,0.086,0.07,0.08,0.082,0.089,0.077,0.074,0.075,0.086,0.096,0.099,0.111,0.137,0.146,0.138,0.141,0.133,0.161,0.185,0.22,0.231,0.22,0.248,0.254,0.246,0.251,0.277,0.267,0.291,0.274,0.271
229,Thailand,1.581,1.708,1.867,2.123,2.349,2.6,2.897,2.984,2.596,2.684,2.656,2.706,2.873,2.946,3.168,3.246,3.242,3.339,3.316,3.359,3.514,3.549,3.778,3.776,3.881,3.928,4.009,3.982,4.039,3.941,3.796,3.724,3.8,3.687
230,Togo,0.244,0.255,0.243,0.254,0.238,0.266,0.276,0.186,0.265,0.37,0.259,0.22,0.244,0.325,0.306,0.295,0.25,0.245,0.239,0.387,0.386,0.362,0.312,0.225,0.206,0.243,0.294,0.247,0.257,0.274,0.281,0.301,0.295,0.282
231,Tonga,0.845,0.88,0.696,0.842,0.914,0.95,0.767,0.982,0.867,1.077,0.928,0.851,0.988,1.122,1.046,1.075,1.207,1.064,1.13,1.23,1.092,0.954,0.989,1.061,1.065,1.105,1.18,1.287,1.284,1.525,1.733,1.806,1.857,1.905
232,Trinidad and Tobago,13.561,13.444,15.022,13.597,11.914,11.375,14.188,14.482,15.192,17.186,18.462,20.185,21.548,24.196,24.314,28.273,31.447,33.384,32.406,32.224,33.975,33.738,32.893,32.438,32.996,31.878,27.761,27.897,27.422,27.465,23.677,24.476,24.27,22.834
233,Tunisia,1.628,1.883,1.746,1.854,1.789,1.776,1.788,1.827,1.865,1.93,2.002,2.07,2.074,2.099,2.173,2.198,2.22,2.355,2.422,2.387,2.614,2.428,2.585,2.543,2.634,2.755,2.654,2.684,2.646,2.556,2.379,2.587,2.636,2.688
234,Turkey,2.707,2.774,2.829,2.901,2.791,2.972,3.223,3.375,3.328,3.219,3.514,3.224,3.299,3.49,3.568,3.82,4.031,4.434,4.341,4.366,4.311,4.609,4.736,4.546,4.665,4.811,4.972,5.186,5.0,4.718,4.796,5.222,5.023,4.951
235,Turkmenistan,8.867,7.89,8.111,6.824,8.312,8.248,7.424,7.193,7.583,8.859,8.589,7.279,6.317,8.341,9.954,9.487,9.617,9.379,11.12,9.623,10.636,11.464,11.524,10.833,10.337,10.348,9.983,9.749,9.429,9.285,9.246,8.944,8.873,8.604
236,Turks and Caicos Islands,5.321,5.053,5.078,4.825,4.846,4.619,4.411,5.106,5.102,5.502,5.861,5.795,7.286,7.244,7.046,7.935,8.597,9.617,9.61,9.605,9.479,9.139,8.775,8.487,8.774,8.502,8.6,8.809,8.724,8.399,8.086,8.095,7.745,8.018
237,Tuvalu,0.415,0.409,0.404,0.401,0.397,0.394,0.391,0.389,1.161,1.155,0.766,1.144,1.14,1.131,1.117,1.103,1.091,1.077,1.063,1.049,1.034,1.017,1.003,0.997,0.999,1.001,1.004,1.009,1.02,1.037,1.055,1.076,1.124,1.169
238,Uganda,0.043,0.043,0.042,0.041,0.035,0.045,0.048,0.049,0.054,0.054,0.057,0.057,0.057,0.057,0.059,0.072,0.083,0.091,0.091,0.095,0.11,0.115,0.106,0.106,0.112,0.121,0.124,0.135,0.134,0.134,0.125,0.134,0.119,0.115
239,Ukraine,13.567,12.132,11.262,9.748,8.055,7.55,6.867,6.705,6.527,5.974,5.765,6.188,6.079,6.359,6.474,6.589,7.045,7.157,6.963,5.954,6.336,6.659,6.588,6.449,5.604,4.888,5.129,4.91,5.124,4.937,4.629,4.744,3.438,3.616
240,United Arab Emirates,27.238,28.243,27.312,29.506,32.218,29.763,29.032,25.882,26.347,23.673,32.005,27.237,21.393,25.389,25.221,24.524,24.297,23.668,24.384,25.05,26.641,27.443,27.663,27.239,25.493,26.017,25.092,23.057,22.436,23.436,23.007,22.089,22.064,21.554
241,United Kingdom,10.493,10.588,10.289,10.017,9.896,9.735,10.065,9.628,9.698,9.546,9.635,9.749,9.41,9.556,9.53,9.412,9.301,9.093,8.785,7.905,8.125,7.396,7.622,7.418,6.765,6.461,6.062,5.838,5.689,5.435,4.844,5.091,4.603,4.443
242,United States,20.211,19.741,19.931,20.077,20.206,20.228,20.723,20.8,20.764,20.819,21.352,20.781,20.713,20.731,20.878,20.737,20.261,20.309,19.396,17.793,18.259,17.657,16.852,17.12,17.111,16.486,15.958,15.69,16.05,15.578,13.89,14.794,14.871,14.299
243,Upper-middle-income countries,2.755,2.756,2.759,2.797,2.828,2.937,2.995,3.01,2.926,2.997,3.032,3.067,3.213,3.575,3.775,4.048,4.316,4.512,4.727,4.815,5.145,5.512,5.625,5.667,5.652,5.55,5.474,5.552,5.646,5.788,5.707,5.961,5.952,6.147
244,Uruguay,1.278,1.45,1.638,1.406,1.27,1.429,1.686,1.711,1.741,2.054,1.613,1.536,1.39,1.38,1.695,1.743,2.005,1.805,2.484,2.401,1.898,2.3,2.576,2.239,1.99,2.001,1.929,1.818,1.935,1.887,1.905,2.306,2.306,2.322
245,Uzbekistan,5.037,4.879,5.166,5.258,4.887,4.573,4.633,4.589,5.012,5.049,4.982,5.031,5.219,5.068,4.96,4.614,4.678,4.573,4.67,3.909,3.793,4.051,4.062,3.778,3.554,3.372,3.521,3.423,3.16,3.289,3.264,3.511,3.579,3.5
246,Vanuatu,0.445,0.434,0.424,0.414,0.404,0.395,0.429,0.441,0.431,0.463,0.452,0.422,0.412,0.402,0.356,0.365,0.339,0.331,0.371,0.52,0.507,0.557,0.471,0.432,0.605,0.509,0.552,0.513,0.629,0.565,0.674,0.707,0.707,0.706
247,Vatican,0.0,0.0,0.0,0.0,0.0,0.0,0.0,0.0,0.0,0.0,0.0,0.0,0.0,0.0,0.0,0.0,0.0,0.0,0.0,0.0,0.0,0.0,0.0,0.0,0.0,0.0,0.0,0.0,0.0,0.0,0.0,0.0,0.0,0.0
248,Venezuela,6.091,5.62,5.035,5.784,5.475,5.62,5.218,5.606,5.716,5.944,5.824,5.226,6.454,5.958,5.42,5.537,5.715,5.568,5.543,5.34,6.571,5.77,5.946,6.634,5.816,5.439,4.964,4.55,3.731,3.638,2.845,2.779,3.102,3.518
249,Vietnam,0.325,0.32,0.314,0.328,0.386,0.418,0.485,0.613,0.636,0.636,0.699,0.782,0.883,0.971,1.107,1.182,1.213,1.213,1.342,1.44,1.596,1.724,1.612,1.672,1.963,2.298,2.351,2.391,2.653,3.49,3.696,3.174,2.986,3.336
250,Wallis and Futuna,1.357,1.342,1.328,1.313,1.301,1.288,1.533,1.523,1.511,1.748,1.733,1.718,1.705,1.702,1.719,2.003,2.045,2.091,1.604,2.182,2.223,1.982,2.018,1.759,1.783,1.804,2.127,2.147,2.169,2.19,2.203,2.529,2.61,2.691
251,World,4.266,4.279,4.092,4.07,4.051,4.086,4.152,4.119,4.046,4.082,4.133,4.11,4.146,4.31,4.403,4.496,4.591,4.667,4.686,4.55,4.75,4.852,4.86,4.841,4.802,4.739,4.686,4.707,4.752,4.75,4.454,4.65,4.649,4.67
252,Yemen,0.686,0.633,0.659,0.554,0.614,0.661,0.653,0.681,0.696,0.772,0.801,0.844,0.796,0.861,0.904,0.95,1.011,0.969,0.972,1.033,0.961,0.816,0.716,0.927,0.876,0.452,0.312,0.293,0.34,0.337,0.301,0.293,0.269,0.255
253,Zambia,0.309,0.298,0.297,0.294,0.279,0.244,0.204,0.255,0.24,0.183,0.178,0.183,0.184,0.189,0.186,0.191,0.184,0.183,0.196,0.218,0.223,0.234,0.279,0.287,0.307,0.309,0.347,0.393,0.413,0.419,0.427,0.397,0.373,0.374
254,Zimbabwe,1.533,1.489,1.561,1.476,1.599,1.368,1.335,1.223,1.218,1.334,1.162,1.045,0.984,0.867,0.762,0.857,0.82,0.768,0.596,0.628,0.655,0.762,0.814,0.833,0.841,0.835,0.725,0.663,0.745,0.672,0.547,0.646,0.649,0.683
