Entity,Code,Gini coefficient 1990,Gini coefficient 1991,Gini coefficient 1992,Gini coefficient 1993,Gini coefficient 1994,Gini coefficient 1995,Gini coefficient 1996,Gini coefficient 1997,Gini coefficient 1998,Gini coefficient 1999,Gini coefficient 2000,Gini coefficient 2001,Gini coefficient 2002,Gini coefficient 2003,Gini coefficient 2004,Gini coefficient 2005,Gini coefficient 2006,Gini coefficient 2007,Gini coefficient 2008,Gini coefficient 2009,Gini coefficient 2010,Gini coefficient 2011,Gini coefficient 2012,Gini coefficient 2013,Gini coefficient 2014,Gini coefficient 2015,Gini coefficient 2016,Gini coefficient 2017,Gini coefficient 2018,Gini coefficient 2019,Gini coefficient 2020,Gini coefficient 2021,Gini coefficient 2022,Gini coefficient 2023
Albania,ALB,0.27010342,0.27010342,0.27010342,0.27010342,0.27010342,0.27010342,0.27010342,0.27010342,0.27010342,0.27010342,0.27010342,0.27010342,0.3173898,0.3173898,0.3173898,0.30595654,0.30595654,0.30595654,0.2998467,0.2998467,0.2998467,0.2998467,0.28960484,0.28960484,0.34598896,0.32753733,0.33736297,0.33055663,0.30148283,0.30115768,0.2941963,0.2941963,0.2941963,0.2941963
Algeria,DZA,0.35330054,0.35330054,0.35330054,0.35330054,0.35330054,0.35330054,0.35330054,0.35330054,0.35330054,0.35330054,0.35330054,0.35330054,0.35330054,0.35330054,0.35330054,0.35330054,0.35330054,0.35330054,0.35330054,0.35330054,0.35330054,0.27615732,0.27615732,0.27615732,0.27615732,0.27615732,0.27615732,0.27615732,0.27615732,0.27615732,0.27615732,0.27615732,0.27615732,0.27615732
Angola,AGO,0.5194472,0.5194472,0.5194472,0.5194472,0.5194472,0.5194472,0.5194472,0.5194472,0.5194472,0.5194472,0.5194472,0.5194472,0.5194472,0.5194472,0.5194472,0.5194472,0.5194472,0.5194472,0.42715514,0.42715514,0.42715514,0.42715514,0.42715514,0.42715514,0.42715514,0.42715514,0.42715514,0.42715514,0.51263994,0.51263994,0.51263994,0.51263994,0.51263994,0.51263994
Argentina (urban),,0.46754456,0.46754456,0.45455167,0.4484342,0.458985,0.4887874,0.49491405,0.4908586,0.50713223,0.49766296,0.5103861,0.53294307,0.5376044,0.5099472,0.48483652,0.47810388,0.46444556,0.4628268,0.4498683,0.43759,0.43676597,0.42737958,0.41437393,0.41086507,0.4182253,0.4182253,0.42345047,0.41434836,0.41719007,0.43314177,0.42743757,0.4244559,0.40736493,0.40736493
Armenia,ARM,0.36219725,0.36219725,0.36219725,0.36219725,0.36219725,0.36219725,0.36219725,0.36219725,0.36219725,0.36219725,0.36219725,0.3536436,0.34779674,0.33028087,0.37505633,0.35992354,0.29709986,0.31226057,0.2918814,0.2801588,0.29992583,0.29352945,0.29602262,0.30579662,0.3148329,0.32356772,0.32547948,0.3362184,0.344335,0.30031213,0.25131604,0.2794013,0.27945295,0.27945295
Australia,AUS,0.3257863,0.3257863,0.3257863,0.3257863,0.3257863,0.3257863,0.3257863,0.3257863,0.3257863,0.3257863,0.3257863,0.33462042,0.33462042,0.3349686,0.3305577,0.3305577,0.3305577,0.3305577,0.3542851,0.3542851,0.34656727,0.34656727,0.34656727,0.34656727,0.34398198,0.34398198,0.33685225,0.33685225,0.34332561,0.34332561,0.34332561,0.34332561,0.34332561,0.34332561
Austria,AUT,0.3082802,0.3082802,0.3082802,0.3082802,0.3082802,0.29914328,0.29317808,0.29065368,0.31340772,0.2967054,0.28964692,0.28964692,0.28964692,0.29465577,0.29788825,0.28715184,0.29587558,0.30579385,0.30437064,0.31494802,0.3025161,0.30801,0.30475533,0.30752888,0.3053535,0.30530685,0.3079501,0.2973688,0.30847305,0.3021043,0.29800606,0.30701602,0.30701602,0.30701602
Azerbaijan,AZE,0.3464838,0.3464838,0.3464838,0.3464838,0.3464838,0.3464838,0.3464838,0.3464838,0.3464838,0.3464838,0.3464838,0.36454937,0.25277665,0.2683288,0.26621592,0.26554906,0.26554906,0.26554906,0.26554906,0.26554906,0.26554906,0.26554906,0.26554906,0.26554906,0.26554906,0.26554906,0.26554906,0.26554906,0.26554906,0.26554906,0.26554906,0.26554906,0.26554906,0.26554906
Bangladesh,BGD,0.27570805,0.27570805,0.27570805,0.27570805,0.27570805,0.32942984,0.32942984,0.32942984,0.32942984,0.32942984,0.33406532,0.33406532,0.33406532,0.33406532,0.33406532,0.33201292,0.33201292,0.33201292,0.33201292,0.33201292,0.32130313,0.32130313,0.32130313,0.32130313,0.32130313,0.32130313,0.32385272,0.32385272,0.32385272,0.32385272,0.32385272,0.32385272,0.33373156,0.33373156
Belarus,BLR,0.3201835,0.3201835,0.3201835,0.3201835,0.3201835,0.3201835,0.3201835,0.3201835,0.3201835,0.31738147,0.31167483,0.30576724,0.30336243,0.28821012,0.26479885,0.2755341,0.28275442,0.2961238,0.27826044,0.27689305,0.285666,0.2715255,0.26526198,0.26575053,0.27176666,0.25633225,0.25306615,0.2544457,0.25240526,0.25277847,0.24383356,0.24383356,0.24383356,0.24383356
Belgium,BEL,0.2494629,0.2494629,0.2494629,0.2494629,0.2494629,0.28410766,0.28410766,0.2683214,0.2683214,0.2683214,0.33135915,0.33135915,0.33135915,0.28143317,0.30541426,0.29336902,0.28054035,0.29237667,0.28373718,0.28551185,0.28374815,0.2806043,0.27490476,0.27668843,0.28134006,0.27729303,0.2758073,0.27387637,0.2721419,0.27219546,0.2595828,0.2657763,0.2657763,0.2657763
Belize,BLZ,0.6022769,0.6022769,0.6022769,0.6022769,0.60867983,0.60867983,0.5654803,0.6035009,0.54866445,0.5323102,0.5323102,0.5323102,0.5323102,0.5323102,0.5323102,0.5323102,0.5323102,0.5323102,0.5323102,0.5323102,0.5323102,0.5323102,0.5323102,0.5323102,0.5323102,0.5323102,0.5323102,0.5323102,0.5323102,0.5323102,0.5323102,0.5323102,0.5323102,0.5323102
Benin,BEN,0.3857762,0.3857762,0.3857762,0.3857762,0.3857762,0.3857762,0.3857762,0.3857762,0.3857762,0.3857762,0.3857762,0.3857762,0.3857762,0.3857762,0.3857762,0.3857762,0.3857762,0.3857762,0.3857762,0.3857762,0.3857762,0.43439555,0.43439555,0.43439555,0.43439555,0.4762964,0.4762964,0.4762964,0.37948644,0.37948644,0.37948644,0.34395808,0.34395808,0.34395808
Bhutan,BTN,0.40898,0.40898,0.40898,0.40898,0.40898,0.40898,0.40898,0.40898,0.40898,0.40898,0.40898,0.40898,0.40898,0.40898,0.40898,0.40898,0.40898,0.3809077,0.3809077,0.3809077,0.3809077,0.3809077,0.38809326,0.38809326,0.38809326,0.38809326,0.38809326,0.3744141,0.3744141,0.3744141,0.3744141,0.3744141,0.2845992,0.2845992
Bolivia,BOL,0.5814129,0.5814129,0.5814129,0.5814129,0.5814129,0.5814129,0.5814129,0.5814129,0.5814129,0.5803485,0.61563873,0.57366186,0.59274095,0.59274095,0.5500019,0.58518255,0.56660104,0.5453242,0.50814897,0.4922026,0.4922026,0.46080348,0.46579948,0.47588572,0.47829148,0.46731615,0.45240772,0.4461778,0.4257908,0.416443,0.4364544,0.40913323,0.40913323,0.40913323
Bolivia (urban),,0.42035723,0.42035723,0.4907205,0.4907205,0.4907205,0.4907205,0.4907205,0.4907205,0.4907205,0.4907205,0.4907205,0.4907205,0.4907205,0.4907205,0.4907205,0.4907205,0.4907205,0.4907205,0.4907205,0.4907205,0.4907205,0.4907205,0.4907205,0.4907205,0.4907205,0.4907205,0.4907205,0.4907205,0.4907205,0.4907205,0.4907205,0.4907205,0.4907205,0.4907205
Bosnia and Herzegovina,BIH,0.2996643,0.2996643,0.2996643,0.2996643,0.2996643,0.2996643,0.2996643,0.2996643,0.2996643,0.2996643,0.2996643,0.2996643,0.2996643,0.2996643,0.3403749,0.3403749,0.3403749,0.33061588,0.33061588,0.33061588,0.33061588,0.33030185,0.33030185,0.33030185,0.33030185,0.33030185,0.33030185,0.33030185,0.33030185,0.33030185,0.33030185,0.33030185,0.33030185,0.33030185
Botswana,BWA,0.6014759,0.6014759,0.6014759,0.6014759,0.6014759,0.6014759,0.6014759,0.6014759,0.6014759,0.6014759,0.6014759,0.6014759,0.6472722,0.6472722,0.6472722,0.6472722,0.6472722,0.6472722,0.6472722,0.604583,0.604583,0.604583,0.604583,0.604583,0.604583,0.5332503,0.5332503,0.5332503,0.5332503,0.5332503,0.5332503,0.5332503,0.5332503,0.5332503
Brazil,BRA,0.6044999,0.6044999,0.5310165,0.600656,0.600656,0.59530365,0.5983732,0.59753734,0.5956541,0.5895037,0.5895037,0.5840255,0.58105445,0.57553095,0.564716,0.56309944,0.5564207,0.54918945,0.5403744,0.5368187,0.5368187,0.5294164,0.53435296,0.5268333,0.5202964,0.51926446,0.533671,0.53321064,0.5388832,0.5350931,0.48902002,0.52938724,0.5201522,0.5201522
Bulgaria,BGR,0.3071431,0.3071431,0.3071431,0.3071431,0.3071431,0.3071431,0.3071431,0.3071431,0.3071431,0.3071431,0.3071431,0.3071431,0.3071431,0.3071431,0.3071431,0.3071431,0.3568935,0.36095893,0.33572584,0.3382308,0.3565347,0.34275046,0.36011046,0.36570963,0.37415925,0.38564444,0.40589708,0.40378964,0.41284075,0.40271127,0.40523154,0.3900545,0.3900545,0.3900545
Burkina Faso,BFA,0.4802524,0.4802524,0.4802524,0.4802524,0.4802524,0.4802524,0.4802524,0.4802524,0.49877948,0.49877948,0.49877948,0.49877948,0.49877948,0.4325128,0.4325128,0.4325128,0.4325128,0.4325128,0.4325128,0.39761,0.39761,0.39761,0.39761,0.39761,0.35301226,0.35301226,0.35301226,0.35301226,0.43016732,0.43016732,0.43016732,0.37391287,0.37391287,0.37391287
Burundi,BDI,0.3333381,0.3333381,0.3333381,0.3333381,0.3333381,0.3333381,0.3333381,0.3333381,0.42059556,0.42059556,0.42059556,0.42059556,0.42059556,0.42059556,0.42059556,0.42059556,0.33359864,0.33359864,0.33359864,0.33359864,0.33359864,0.33359864,0.33359864,0.38623992,0.38623992,0.38623992,0.38623992,0.38623992,0.38623992,0.38623992,0.37456092,0.37456092,0.37456092,0.37456092
Cameroon,CMR,0.44446665,0.44446665,0.44446665,0.44446665,0.44446665,0.44446665,0.44446665,0.44446665,0.44446665,0.44446665,0.44446665,0.42136794,0.42136794,0.42136794,0.42136794,0.42136794,0.42136794,0.42820063,0.42820063,0.42820063,0.42820063,0.42820063,0.42820063,0.42820063,0.46640873,0.46640873,0.46640873,0.46640873,0.46640873,0.46640873,0.46640873,0.42176074,0.42176074,0.42176074
Canada,CAN,0.31365362,0.31943396,0.3156432,0.31675926,0.3130381,0.3150958,0.32768053,0.33116943,0.33217245,0.33060935,0.33418295,0.33554783,0.3356031,0.33809465,0.33776483,0.33621806,0.3409054,0.33841008,0.33930567,0.33952153,0.33592603,0.32657078,0.33539012,0.3379898,0.33157605,0.33746484,0.32701823,0.33308205,0.3250927,0.31749648,0.31749648,0.31749648,0.31749648,0.31749648
Cape Verde,CPV,0.5249597,0.5249597,0.5249597,0.5249597,0.5249597,0.5249597,0.5249597,0.5249597,0.5249597,0.5249597,0.5249597,0.5249597,0.5249597,0.5249597,0.5249597,0.5249597,0.5249597,0.47187388,0.47187388,0.47187388,0.47187388,0.47187388,0.47187388,0.47187388,0.47187388,0.42381087,0.42381087,0.42381087,0.42381087,0.42381087,0.42381087,0.42381087,0.42381087,0.42381087
Central African Republic,CAF,0.5927244,0.5927244,0.5927244,0.5927244,0.5927244,0.5927244,0.5927244,0.5927244,0.5927244,0.5927244,0.5927244,0.5927244,0.5927244,0.5927244,0.5927244,0.5927244,0.5927244,0.5927244,0.56177914,0.56177914,0.56177914,0.56177914,0.56177914,0.56177914,0.56177914,0.56177914,0.56177914,0.56177914,0.56177914,0.56177914,0.56177914,0.43027893,0.43027893,0.43027893
Chad,TCD,0.39809614,0.39809614,0.39809614,0.39809614,0.39809614,0.39809614,0.39809614,0.39809614,0.39809614,0.39809614,0.39809614,0.39809614,0.39809614,0.39809614,0.39809614,0.39809614,0.39809614,0.39809614,0.39809614,0.39809614,0.39809614,0.43319756,0.43319756,0.43319756,0.43319756,0.43319756,0.43319756,0.43319756,0.37499154,0.37499154,0.37499154,0.37499154,0.373575,0.373575
Chile,CHL,0.5723538,0.5723538,0.54806453,0.54806453,0.5642096,0.5642096,0.54868835,0.54868835,0.5551666,0.5551666,0.5275838,0.5275838,0.5275838,0.51475215,0.51475215,0.51475215,0.47706816,0.47706816,0.47706816,0.47404596,0.47404596,0.46868134,0.46868134,0.46823916,0.46823916,0.45343325,0.45343325,0.4526995,0.4526995,0.4526995,0.4700476,0.4700476,0.4304274,0.4304274
China,CHN,0.3222662,0.3222662,0.3222662,0.338778,0.338778,0.338778,0.3522766,0.3522766,0.3522766,0.38703215,0.38703215,0.38703215,0.41985723,0.41985723,0.41985723,0.40900767,0.40900767,0.40900767,0.4296504,0.4296504,0.43744954,0.42409223,0.42237166,0.397364,0.39177653,0.38595304,0.38480517,0.39075777,0.38497642,0.38168344,0.37090832,0.35743752,0.35743752,0.35743752
China (rural),,0.30475813,0.30475813,0.30475813,0.2804393,0.2804393,0.2804393,0.33620438,0.33620438,0.33620438,0.35389417,0.35389417,0.35389417,0.38019347,0.38019347,0.38019347,0.35849202,0.35849202,0.35849202,0.39399046,0.39399046,0.4060783,0.38497442,0.39497343,0.33971012,0.3375639,0.33242807,0.33179837,0.34255984,0.33541563,0.3267486,0.31574252,0.30404037,0.30404037,0.30404037
China (urban),,0.2559464,0.2559464,0.2559464,0.2846636,0.2846636,0.2846636,0.29089227,0.29089227,0.29089227,0.31547564,0.31547564,0.31547564,0.3339575,0.3339575,0.3339575,0.3473589,0.3473589,0.3473589,0.35154304,0.35154304,0.3574452,0.35559225,0.3535335,0.3668623,0.36429673,0.36156222,0.36124825,0.3694193,0.36906132,0.37052557,0.36667654,0.35652608,0.35652608,0.35652608
Colombia,COL,0.51352334,0.51352334,0.51352334,0.51352334,0.51352334,0.51352334,0.5678045,0.5678045,0.5678045,0.5853699,0.5839443,0.57328486,0.56007546,0.5357371,0.5497496,0.53908044,0.53908044,0.53908044,0.5530713,0.54283005,0.5461688,0.5348354,0.52637744,0.52625173,0.52543414,0.50983036,0.505629,0.4970708,0.50410813,0.5132595,0.53488696,0.5511767,0.5481926,0.5481926
Colombia (urban),,0.51318896,0.51318896,0.51318896,0.51318896,0.51318896,0.51318896,0.51318896,0.51318896,0.51318896,0.51318896,0.51318896,0.51318896,0.51318896,0.51318896,0.51318896,0.51318896,0.51318896,0.51318896,0.51318896,0.51318896,0.51318896,0.51318896,0.51318896,0.51318896,0.51318896,0.51318896,0.51318896,0.51318896,0.51318896,0.51318896,0.51318896,0.51318896,0.51318896,0.51318896
Comoros,COM,0.5592444,0.5592444,0.5592444,0.5592444,0.5592444,0.5592444,0.5592444,0.5592444,0.5592444,0.5592444,0.5592444,0.5592444,0.5592444,0.5592444,0.5592444,0.5592444,0.5592444,0.5592444,0.5592444,0.5592444,0.5592444,0.5592444,0.5592444,0.5592444,0.45332918,0.45332918,0.45332918,0.45332918,0.45332918,0.45332918,0.45332918,0.45332918,0.45332918,0.45332918
Congo,COG,0.4732929,0.4732929,0.4732929,0.4732929,0.4732929,0.4732929,0.4732929,0.4732929,0.4732929,0.4732929,0.4732929,0.4732929,0.4732929,0.4732929,0.4732929,0.4732929,0.4732929,0.4732929,0.4732929,0.4732929,0.4732929,0.48937136,0.48937136,0.48937136,0.48937136,0.48937136,0.48937136,0.48937136,0.48937136,0.48937136,0.48937136,0.48937136,0.48937136,0.48937136
Costa Rica,CRI,0.45215893,0.46555334,0.4564088,0.45928076,0.4670296,0.45660135,0.46479103,0.45579028,0.45638052,0.4763139,0.47410414,0.515062,0.51812834,0.49300545,0.4841771,0.47510344,0.4928061,0.4931286,0.48640883,0.5055479,0.48043102,0.4875928,0.4841734,0.49151823,0.4863214,0.48374,0.48704153,0.4834524,0.47970015,0.4818988,0.4924514,0.48678052,0.47151324,0.46729344
Cote d'Ivoire,CIV,0.393822,0.393822,0.393822,0.393822,0.393822,0.40563822,0.40563822,0.40563822,0.38957423,0.38957423,0.38957423,0.38957423,0.38957423,0.38957423,0.38957423,0.38957423,0.38957423,0.38957423,0.43179876,0.43179876,0.43179876,0.43179876,0.43179876,0.43179876,0.43179876,0.41468868,0.41468868,0.41468868,0.37168875,0.37168875,0.37168875,0.35275364,0.35275364,0.35275364
Croatia,HRV,0.3255369,0.3255369,0.3255369,0.3255369,0.3255369,0.3255369,0.3255369,0.3255369,0.3255369,0.3255369,0.3255369,0.3255369,0.3255369,0.3255369,0.3255369,0.3255369,0.3255369,0.3255369,0.3255369,0.3255369,0.32373103,0.32254267,0.324717,0.3199227,0.32102978,0.31113166,0.30897906,0.30352312,0.29728642,0.28908294,0.29543322,0.28895962,0.28895962,0.28895962
Cyprus,CYP,0.30089056,0.30089056,0.30089056,0.30089056,0.30089056,0.30089056,0.30089056,0.30089056,0.30089056,0.30089056,0.30089056,0.30089056,0.30089056,0.30089056,0.30089056,0.30259413,0.31125963,0.31113273,0.31708607,0.32108265,0.3145779,0.326255,0.34312433,0.37041834,0.35565287,0.33966377,0.32891682,0.31416234,0.32739753,0.3122325,0.31727943,0.3125177,0.3125177,0.3125177
Czechia,CZE,0.20703283,0.20703283,0.20703283,0.2655349,0.2655349,0.2655349,0.2579901,0.2579901,0.2579901,0.2579901,0.2579901,0.2579901,0.26555094,0.26555094,0.2753318,0.26946017,0.26744118,0.25998646,0.26280212,0.26156676,0.26623514,0.26381272,0.26109937,0.26473904,0.25923222,0.25867426,0.25406334,0.2485221,0.24990341,0.25262198,0.26245132,0.26202103,0.26202103,0.26202103
Democratic Republic of Congo,COD,0.41642156,0.41642156,0.41642156,0.41642156,0.41642156,0.41642156,0.41642156,0.41642156,0.41642156,0.41642156,0.41642156,0.41642156,0.41642156,0.41642156,0.41642156,0.41642156,0.41642156,0.41642156,0.41642156,0.41642156,0.41642156,0.41642156,0.42075598,0.42075598,0.42075598,0.42075598,0.42075598,0.42075598,0.42075598,0.42075598,0.44674513,0.44674513,0.44674513,0.44674513
Denmark,DNK,0.2469101,0.2469101,0.2469101,0.2469101,0.2469101,0.22955896,0.22955896,0.22955896,0.22955896,0.22955896,0.2376632,0.2376632,0.2376632,0.2563103,0.24911784,0.2518638,0.25913078,0.26184258,0.2524627,0.26701188,0.2719856,0.27311745,0.2779075,0.28542534,0.2835288,0.28177238,0.28187442,0.28746662,0.2816572,0.27723306,0.27503932,0.28323486,0.28323486,0.28323486
Djibouti,DJI,0.39997312,0.39997312,0.39997312,0.39997312,0.39997312,0.39997312,0.39997312,0.39997312,0.39997312,0.39997312,0.39997312,0.39997312,0.39997312,0.39997312,0.39997312,0.39997312,0.39997312,0.39997312,0.39997312,0.39997312,0.39997312,0.39997312,0.45104358,0.44117805,0.44117805,0.44117805,0.44117805,0.41585726,0.41585726,0.41585726,0.41585726,0.41585726,0.41585726,0.41585726
Dominican Republic,DOM,0.5105286,0.5105286,0.5105286,0.5105286,0.5105286,0.5105286,0.47418755,0.48901546,0.48901546,0.48901546,0.5151364,0.49998924,0.49671522,0.5211965,0.52049935,0.499648,0.51961064,0.48855126,0.48107398,0.48875645,0.47325817,0.47706884,0.46133503,0.47656393,0.442794,0.4518094,0.45722562,0.42192984,0.436861,0.41917086,0.39628294,0.38529298,0.36979377,0.36979377
East Timor,TLS,0.35935292,0.35935292,0.35935292,0.35935292,0.35935292,0.35935292,0.35935292,0.35935292,0.35935292,0.35935292,0.35935292,0.35935292,0.35935292,0.35935292,0.35935292,0.35935292,0.35935292,0.27823317,0.27823317,0.27823317,0.27823317,0.27823317,0.27823317,0.27823317,0.28652927,0.28652927,0.28652927,0.28652927,0.28652927,0.28652927,0.28652927,0.28652927,0.28652927,0.28652927
Ecuador,ECU,0.5333033,0.5333033,0.5333033,0.5333033,0.5333033,0.5333033,0.5333033,0.5333033,0.5333033,0.5857073,0.5629919,0.5629919,0.5629919,0.5351386,0.53889215,0.53049964,0.5224719,0.53354627,0.49787596,0.48498443,0.48799783,0.45871222,0.46109366,0.46862358,0.4499254,0.459508,0.4501621,0.44669914,0.45437902,0.45709932,0.47309554,0.45797464,0.45465034,0.44579506
Ecuador (urban),,0.50827104,0.50827104,0.50827104,0.50827104,0.50827104,0.50827104,0.50827104,0.50827104,0.4960427,0.4960427,0.4960427,0.4960427,0.4960427,0.4960427,0.4960427,0.4960427,0.4960427,0.4960427,0.4960427,0.4960427,0.4960427,0.4960427,0.4960427,0.4960427,0.4960427,0.4960427,0.4960427,0.4960427,0.4960427,0.4960427,0.4960427,0.4960427,0.4960427,0.4960427
Egypt,EGY,0.3200394,0.3200394,0.3200394,0.3200394,0.3200394,0.3008284,0.3008284,0.3008284,0.3008284,0.30834845,0.30834845,0.30834845,0.30834845,0.30834845,0.31847546,0.31847546,0.31847546,0.31847546,0.31102437,0.31102437,0.30191457,0.30191457,0.28292203,0.28292203,0.28292203,0.31823358,0.31823358,0.31533954,0.31533954,0.31893092,0.31893092,0.31893092,0.31893092,0.31893092
El Salvador,SLV,0.53793645,0.53793645,0.53793645,0.53793645,0.53793645,0.49848166,0.5095812,0.5095812,0.54378504,0.5208074,0.5146378,0.5134745,0.518517,0.5043636,0.47799078,0.48472306,0.4568936,0.45217508,0.46885607,0.4582485,0.43513292,0.4231799,0.41828847,0.43358666,0.41559452,0.4055182,0.39978546,0.38007155,0.38610572,0.38778764,0.38778764,0.39010745,0.38753173,0.38753173
Estonia,EST,0.39427334,0.39427334,0.39427334,0.39427334,0.39427334,0.39427334,0.39427334,0.39427334,0.39427334,0.39427334,0.39427334,0.39427334,0.39427334,0.37195182,0.33559534,0.3344686,0.33667818,0.31178468,0.31915063,0.3144271,0.31999895,0.3248852,0.329136,0.35075676,0.3458795,0.3266799,0.3119477,0.30354318,0.3032016,0.30765438,0.30737108,0.31834,0.31834,0.31834
Eswatini,SWZ,0.5863356,0.5863356,0.5863356,0.5863356,0.5863356,0.5863356,0.5863356,0.5863356,0.5863356,0.5863356,0.5311352,0.5311352,0.5311352,0.5311352,0.5311352,0.5311352,0.5311352,0.5311352,0.5311352,0.5144115,0.5144115,0.5144115,0.5144115,0.5144115,0.5144115,0.5144115,0.54579794,0.54579794,0.54579794,0.54579794,0.54579794,0.54579794,0.54579794,0.54579794
Ethiopia,ETH,0.44562823,0.44562823,0.44562823,0.44562823,0.44562823,0.44562823,0.44562823,0.44562823,0.44562823,0.29975793,0.29975793,0.29975793,0.29975793,0.29975793,0.29806852,0.29806852,0.29806852,0.29806852,0.29806852,0.29806852,0.33170602,0.33170602,0.33170602,0.33170602,0.33170602,0.34993124,0.34993124,0.34993124,0.34993124,0.34993124,0.34993124,0.34993124,0.34993124,0.34993124
Fiji,FJI,0.38102055,0.38102055,0.38102055,0.38102055,0.38102055,0.38102055,0.38102055,0.38102055,0.38102055,0.38102055,0.38102055,0.38102055,0.38102055,0.38102055,0.38102055,0.38102055,0.38102055,0.38102055,0.40375587,0.40375587,0.40375587,0.40375587,0.40375587,0.36696598,0.36696598,0.36696598,0.36696598,0.36696598,0.36696598,0.30706868,0.30706868,0.30706868,0.30706868,0.30706868
Finland,FIN,0.22879761,0.22879761,0.22879761,0.22879761,0.22879761,0.23459136,0.23459136,0.23459136,0.23459136,0.23459136,0.27156627,0.27156627,0.27156627,0.27686426,0.27897653,0.27619493,0.27998725,0.28285563,0.27838135,0.27455276,0.2771396,0.27642646,0.27096376,0.27193668,0.26776803,0.2710181,0.27078423,0.2738283,0.27329567,0.27737123,0.27091044,0.27708507,0.27708507,0.27708507
France,FRA,0.32119063,0.32119063,0.32119063,0.32119063,0.32119063,0.32119063,0.32016575,0.3190015,0.31657764,0.32499772,0.32553056,0.3253329,0.31778157,0.31411052,0.30647254,0.29833862,0.29691088,0.32427707,0.32996443,0.3266122,0.33720416,0.3329475,0.3311486,0.32512552,0.32262158,0.32704228,0.31923512,0.3163205,0.32380664,0.31199563,0.3066147,0.31500953,0.31500953,0.31500953
Gabon,GAB,0.42184988,0.42184988,0.42184988,0.42184988,0.42184988,0.42184988,0.42184988,0.42184988,0.42184988,0.42184988,0.42184988,0.42184988,0.42184988,0.42184988,0.42184988,0.42184988,0.42184988,0.42184988,0.42184988,0.42184988,0.42184988,0.42184988,0.42184988,0.42184988,0.42184988,0.42184988,0.42184988,0.38024372,0.38024372,0.38024372,0.38024372,0.38024372,0.38024372,0.38024372
Gambia,GMB,0.48250192,0.48250192,0.48250192,0.48250192,0.48250192,0.48250192,0.48250192,0.48250192,0.48250192,0.48250192,0.48250192,0.48250192,0.48250192,0.47308534,0.47308534,0.47308534,0.47308534,0.47308534,0.47308534,0.47308534,0.43568197,0.43568197,0.43568197,0.43568197,0.43568197,0.35918832,0.35918832,0.35918832,0.35918832,0.35918832,0.38757205,0.38757205,0.38757205,0.38757205
Georgia,GEO,0.37132707,0.37132707,0.37132707,0.37132707,0.37132707,0.37132707,0.37132707,0.40682536,0.4123018,0.40128374,0.4045976,0.39557204,0.3724613,0.36650413,0.3616882,0.37375313,0.36865547,0.38108635,0.38532716,0.38234815,0.394587,0.3959351,0.38953948,0.38588807,0.37554133,0.36503676,0.3663965,0.37939596,0.36411363,0.35900706,0.3446499,0.3417846,0.3350009,0.3350009
Germany,DEU,0.29492873,0.29492873,0.2907326,0.28612086,0.29159415,0.28811273,0.27993777,0.28246725,0.2827037,0.29047978,0.2888814,0.29949388,0.29810533,0.2980293,0.30192587,0.31704092,0.3104196,0.3117709,0.30800265,0.30479428,0.30218413,0.30610505,0.3105579,0.31453598,0.30847794,0.31653914,0.3141309,0.31314865,0.31872115,0.31780925,0.3243345,0.3243345,0.3243345,0.3243345
Ghana,GHA,0.38434562,0.38434562,0.38434562,0.38434562,0.38434562,0.38434562,0.38434562,0.38434562,0.4007123,0.4007123,0.4007123,0.4007123,0.4007123,0.4007123,0.4007123,0.42760354,0.42760354,0.42760354,0.42760354,0.42760354,0.42760354,0.42760354,0.42372206,0.42372206,0.42372206,0.42372206,0.43512443,0.43512443,0.43512443,0.43512443,0.43512443,0.43512443,0.43512443,0.43512443
Greece,GRC,0.3696663,0.3696663,0.3696663,0.3696663,0.3696663,0.3696663,0.3696663,0.3696663,0.3696663,0.3696663,0.34236935,0.34236935,0.34236935,0.32759297,0.33588123,0.34596738,0.35121885,0.33950907,0.33587772,0.33615103,0.3409893,0.3484217,0.362504,0.36127293,0.35804707,0.35996962,0.34956136,0.34350377,0.32890075,0.33101925,0.33558196,0.32939574,0.32939574,0.32939574
Grenada,GRD,0.4381641,0.4381641,0.4381641,0.4381641,0.4381641,0.4381641,0.4381641,0.4381641,0.4381641,0.4381641,0.4381641,0.4381641,0.4381641,0.4381641,0.4381641,0.4381641,0.4381641,0.4381641,0.4381641,0.4381641,0.4381641,0.4381641,0.4381641,0.4381641,0.4381641,0.4381641,0.4381641,0.4381641,0.4381641,0.4381641,0.4381641,0.4381641,0.4381641,0.4381641
Guatemala,GTM,0.493976,0.493976,0.493976,0.493976,0.493976,0.493976,0.493976,0.493976,0.493976,0.493976,0.54173213,0.54173213,0.54173213,0.54173213,0.54173213,0.54173213,0.54568464,0.54568464,0.54568464,0.54568464,0.54568464,0.54568464,0.54568464,0.54568464,0.4827621,0.4827621,0.4827621,0.4827621,0.4827621,0.4827621,0.4827621,0.4827621,0.4827621,0.4827621
Guinea,GIN,0.4446398,0.4446398,0.4446398,0.4446398,0.46081552,0.46081552,0.46081552,0.46081552,0.46081552,0.46081552,0.46081552,0.46081552,0.43000692,0.43000692,0.43000692,0.43000692,0.43000692,0.39355347,0.39355347,0.39355347,0.39355347,0.39355347,0.33729705,0.33729705,0.33729705,0.33729705,0.33729705,0.33729705,0.29591954,0.29591954,0.29591954,0.29591954,0.29591954,0.29591954
Guinea-Bissau,GNB,0.557557,0.557557,0.557557,0.43609467,0.43609467,0.43609467,0.43609467,0.43609467,0.43609467,0.43609467,0.43609467,0.43609467,0.3556889,0.3556889,0.3556889,0.3556889,0.3556889,0.3556889,0.3556889,0.3556889,0.50604075,0.50604075,0.50604075,0.50604075,0.50604075,0.50604075,0.50604075,0.50604075,0.34765232,0.34765232,0.34765232,0.33435068,0.33435068,0.33435068
Guyana,GUY,0.3946759,0.3946759,0.3946759,0.3946759,0.3946759,0.3946759,0.3946759,0.3946759,0.45039394,0.45039394,0.45039394,0.45039394,0.45039394,0.45039394,0.45039394,0.45039394,0.45039394,0.45039394,0.45039394,0.45039394,0.45039394,0.45039394,0.45039394,0.45039394,0.45039394,0.45039394,0.45039394,0.45039394,0.45039394,0.45039394,0.45039394,0.45039394,0.45039394,0.45039394
Haiti,HTI,0.5898769,0.5898769,0.5898769,0.5898769,0.5898769,0.5898769,0.5898769,0.5898769,0.5898769,0.5898769,0.5898769,0.5898769,0.5898769,0.5898769,0.5898769,0.5898769,0.5898769,0.5898769,0.5898769,0.5898769,0.5898769,0.5898769,0.6044839,0.6044839,0.6044839,0.6044839,0.6044839,0.6044839,0.6044839,0.6044839,0.6044839,0.6044839,0.6044839,0.6044839
Honduras,HND,0.5592856,0.5182139,0.51805204,0.5344585,0.54992497,0.554708,0.5569839,0.5272781,0.5729382,0.55219996,0.55219996,0.5535215,0.5571017,0.580804,0.58094627,0.5947935,0.57526565,0.5581602,0.55489975,0.5128177,0.53085744,0.5255424,0.53365433,0.49958706,0.4987544,0.4924883,0.49810323,0.49441433,0.48936284,0.48162824,0.48162824,0.48162824,0.48162824,0.48162824
Hungary,HUN,0.29623857,0.29623857,0.29623857,0.27938303,0.33285955,0.33285955,0.33285955,0.33285955,0.33285955,0.30219844,0.30219844,0.30219844,0.30219844,0.30219844,0.29864362,0.34721088,0.28296095,0.2788186,0.27514026,0.2695929,0.2944413,0.29157948,0.3080265,0.31504104,0.3091348,0.30407295,0.30324444,0.30582693,0.2961145,0.29950473,0.29711774,0.2917205,0.2917205,0.2917205
Iceland,ISL,0.26836038,0.26836038,0.26836038,0.26836038,0.26836038,0.26836038,0.26836038,0.26836038,0.26836038,0.26836038,0.26836038,0.26836038,0.26836038,0.26836038,0.27981848,0.29002446,0.30245006,0.29470885,0.3178928,0.2865624,0.26171294,0.26830265,0.26769423,0.25402915,0.27800417,0.26787972,0.27241105,0.2613158,0.2613158,0.2613158,0.2613158,0.2613158,0.2613158,0.2613158
India,IND,0.31555128,0.31555128,0.31555128,0.31555128,0.31555128,0.31555128,0.31555128,0.31555128,0.31555128,0.31555128,0.31555128,0.31555128,0.31555128,0.31555128,0.340089,0.340089,0.340089,0.340089,0.340089,0.34889016,0.34889016,0.3539906,0.3539906,0.3539906,0.3539906,0.3468829,0.34746763,0.3590051,0.34550628,0.33812764,0.33778515,0.3277978,0.3277978,0.3277978
India (rural),,0.28584594,0.28584594,0.28584594,0.28584594,0.28584594,0.28584594,0.28584594,0.28584594,0.28584594,0.28584594,0.28584594,0.28584594,0.28584594,0.28584594,0.30452737,0.30452737,0.30452737,0.30452737,0.30452737,0.29950196,0.29950196,0.31127518,0.31127518,0.31127518,0.31127518,0.31263804,0.3101153,0.31273174,0.31053287,0.31054986,0.3124293,0.29604727,0.29604727,0.29604727
India (urban),,0.34381935,0.34381935,0.34381935,0.34381935,0.34381935,0.34381935,0.34381935,0.34381935,0.34381935,0.34381935,0.34381935,0.34381935,0.34381935,0.34381935,0.37634635,0.37634635,0.37634635,0.37634635,0.37634635,0.39347965,0.39347965,0.3901441,0.3901441,0.3901441,0.3901441,0.37879857,0.38292566,0.39578882,0.36215815,0.3628346,0.36235926,0.35517648,0.35517648,0.35517648
Indonesia,IDN,0.31069273,0.31069273,0.31069273,0.31755003,0.31755003,0.31755003,0.3421382,0.3421382,0.30853918,0.30788496,0.30306277,0.31165913,0.30163765,0.29323187,0.30416507,0.2990362,0.31524122,0.33231717,0.3263291,0.33432707,0.3458631,0.37925914,0.3714888,0.38926852,0.3877997,0.38207534,0.368857,0.3636789,0.36338645,0.35359862,0.35335615,0.35504764,0.3551203,0.3605703
Iran,IRN,0.43604776,0.43604776,0.43604776,0.43604776,0.42998368,0.42998368,0.42998368,0.42998368,0.4409564,0.4409564,0.4409564,0.4409564,0.4409564,0.4409564,0.4409564,0.43558642,0.44752038,0.44752038,0.44752038,0.42050025,0.42050025,0.34661996,0.3442554,0.3396952,0.34814033,0.35264048,0.35912308,0.36693677,0.37419906,0.36482257,0.3584295,0.3546873,0.34803438,0.34803438
Iraq,IRQ,0.28600612,0.28600612,0.28600612,0.28600612,0.28600612,0.28600612,0.28600612,0.28600612,0.28600612,0.28600612,0.28600612,0.28600612,0.28600612,0.28600612,0.28600612,0.28600612,0.28600612,0.28600612,0.28600612,0.28600612,0.28600612,0.28600612,0.29541856,0.29541856,0.29541856,0.29541856,0.29541856,0.29541856,0.29541856,0.29541856,0.29541856,0.29541856,0.29541856,0.29541856
Ireland,IRL,0.36914206,0.36914206,0.36914206,0.36914206,0.36914206,0.3704509,0.35622135,0.35622135,0.35622135,0.35622135,0.33005205,0.33005205,0.32290256,0.32887438,0.33609548,0.33753955,0.327276,0.31946594,0.3090567,0.32680362,0.32295024,0.32872406,0.33220077,0.3348598,0.31874627,0.31820488,0.32807183,0.31358823,0.30602926,0.308315,0.292282,0.30119276,0.30119276,0.30119276
Israel,ISR,0.35507256,0.35507256,0.35507256,0.35507256,0.35507256,0.35507256,0.35507256,0.38097107,0.38097107,0.38097107,0.38097107,0.38947663,0.39559424,0.4072257,0.414563,0.42267624,0.4155532,0.41098633,0.4164268,0.4263395,0.42559466,0.41444165,0.41302204,0.39870527,0.3975749,0.3971953,0.39013016,0.38202065,0.38577175,0.3828222,0.37773558,0.3789385,0.3789385,0.3789385
Italy,ITA,0.31049928,0.31049928,0.31049928,0.35086337,0.35086337,0.3521082,0.3521082,0.3521082,0.36652306,0.36652306,0.35244772,0.35244772,0.34695667,0.349287,0.3429304,0.33830953,0.3369475,0.32888263,0.3376773,0.3383298,0.3471675,0.35052994,0.3515148,0.3490567,0.34652385,0.35390034,0.35239598,0.35922197,0.35217315,0.34583586,0.352409,0.3484458,0.3484458,0.3484458
Jamaica,JAM,0.41113734,0.41113734,0.41113734,0.35673422,0.35673422,0.35673422,0.40394902,0.40394902,0.40394902,0.4407876,0.4407876,0.4407876,0.4831574,0.4831574,0.45457473,0.45457473,0.45457473,0.45457473,0.45457473,0.45457473,0.45457473,0.45457473,0.45457473,0.45457473,0.45457473,0.45457473,0.45457473,0.45457473,0.3563868,0.3563868,0.3563868,0.4021027,0.4021027,0.4021027
Japan,JPN,0.34842315,0.34842315,0.34842315,0.34842315,0.34842315,0.34842315,0.34842315,0.34842315,0.34842315,0.34842315,0.34842315,0.34842315,0.34842315,0.34842315,0.34842315,0.34842315,0.34842315,0.34842315,0.34842315,0.34842315,0.3210032,0.3210032,0.3210032,0.3285473,0.3285473,0.3285473,0.3285473,0.3285473,0.3285473,0.3285473,0.3285473,0.3285473,0.3285473,0.3285473
Jordan,JOR,0.43099582,0.43099582,0.43099582,0.43099582,0.43099582,0.43099582,0.43099582,0.36420527,0.36420527,0.36420527,0.36420527,0.36420527,0.36954618,0.36954618,0.36954618,0.36954618,0.33856255,0.33856255,0.3257345,0.3257345,0.3365573,0.3365573,0.3365573,0.3365573,0.3365573,0.3365573,0.3365573,0.3365573,0.3365573,0.3365573,0.3365573,0.3365573,0.3365573,0.3365573
Kazakhstan,KAZ,0.32665735,0.32665735,0.32665735,0.32665735,0.32665735,0.32665735,0.35378307,0.35378307,0.35378307,0.35378307,0.35378307,0.3596447,0.34811127,0.33691478,0.3183876,0.39825976,0.30243865,0.30084056,0.28496444,0.28208867,0.27954513,0.27983844,0.2816882,0.2706543,0.2701586,0.26803666,0.27225325,0.27450275,0.27792874,0.27968282,0.2868392,0.29191533,0.29191533,0.29191533
Kenya,KEN,0.56925327,0.56925327,0.56925327,0.56925327,0.43103355,0.43103355,0.43103355,0.44982657,0.44982657,0.44982657,0.44982657,0.44982657,0.44982657,0.44982657,0.44982657,0.46440154,0.46440154,0.46440154,0.46440154,0.46440154,0.46440154,0.46440154,0.46440154,0.46440154,0.46440154,0.4077446,0.4077446,0.4077446,0.4077446,0.4077446,0.36246458,0.3870143,0.3870143,0.3870143
Kiribati,KIR,0.36973003,0.36973003,0.36973003,0.36973003,0.36973003,0.36973003,0.36973003,0.36973003,0.36973003,0.36973003,0.36973003,0.36973003,0.36973003,0.36973003,0.36973003,0.36973003,0.36973003,0.36973003,0.36973003,0.36973003,0.36973003,0.36973003,0.36973003,0.36973003,0.36973003,0.36973003,0.36973003,0.36973003,0.36973003,0.27832702,0.27832702,0.27832702,0.27832702,0.27832702
Kosovo,OWID_KOS,0.28953856,0.28953856,0.28953856,0.28953856,0.28953856,0.28953856,0.28953856,0.28953856,0.28953856,0.28953856,0.28953856,0.28953856,0.28953856,0.28953856,0.28953856,0.3123823,0.30321634,0.30321634,0.30321634,0.31781715,0.33254302,0.27831748,0.28972268,0.2630659,0.2727017,0.26454154,0.26721144,0.29012942,0.29012942,0.29012942,0.29012942,0.29012942,0.29012942,0.29012942
Kyrgyzstan,KGZ,0.31035012,0.31035012,0.31035012,0.31035012,0.31035012,0.31035012,0.31035012,0.31035012,0.31035012,0.31035012,0.31035012,0.3016398,0.30302387,0.28708646,0.3477343,0.32561377,0.3738124,0.3391182,0.3145067,0.29874134,0.30133882,0.27839768,0.27356887,0.2881479,0.26819003,0.2899781,0.26780704,0.2733501,0.27690327,0.2970068,0.28989273,0.2879339,0.26352528,0.26352528
Laos,LAO,0.34309775,0.34309775,0.34309775,0.34309775,0.34309775,0.34309775,0.34309775,0.34894043,0.34894043,0.34894043,0.34894043,0.34894043,0.32620108,0.32620108,0.32620108,0.32620108,0.32620108,0.35361034,0.35361034,0.35361034,0.35361034,0.35361034,0.35963547,0.35963547,0.35963547,0.35963547,0.35963547,0.35963547,0.38802433,0.38802433,0.38802433,0.38802433,0.38802433,0.38802433
Latvia,LVA,0.26993132,0.26993132,0.26993132,0.26993132,0.26993132,0.30977485,0.31590763,0.31590763,0.31590763,0.31590763,0.31590763,0.31590763,0.31590763,0.31590763,0.36382675,0.38973203,0.35597068,0.37461132,0.37211615,0.35945752,0.35030317,0.3577261,0.35236055,0.3549739,0.3511365,0.342025,0.34328857,0.35571036,0.35095716,0.34489113,0.35703966,0.3425585,0.3425585,0.3425585
Lebanon,LBN,0.3183245,0.3183245,0.3183245,0.3183245,0.3183245,0.3183245,0.3183245,0.3183245,0.3183245,0.3183245,0.3183245,0.3183245,0.3183245,0.3183245,0.3183245,0.3183245,0.3183245,0.3183245,0.3183245,0.3183245,0.3183245,0.3183245,0.3183245,0.3183245,0.3183245,0.3183245,0.3183245,0.3183245,0.3183245,0.3183245,0.3183245,0.3183245,0.3183245,0.3183245
Lesotho,LSO,0.63020104,0.63020104,0.63020104,0.63020104,0.63020104,0.63020104,0.63020104,0.63020104,0.63020104,0.63020104,0.63020104,0.63020104,0.51206875,0.51206875,0.51206875,0.51206875,0.51206875,0.51206875,0.51206875,0.51206875,0.51206875,0.51206875,0.51206875,0.51206875,0.51206875,0.51206875,0.51206875,0.44877714,0.44877714,0.44877714,0.44877714,0.44877714,0.44877714,0.44877714
Liberia,LBR,0.3643565,0.3643565,0.3643565,0.3643565,0.3643565,0.3643565,0.3643565,0.3643565,0.3643565,0.3643565,0.3643565,0.3643565,0.3643565,0.3643565,0.3643565,0.3643565,0.3643565,0.3643565,0.3643565,0.3643565,0.3643565,0.3643565,0.3643565,0.3643565,0.33237883,0.33237883,0.35265347,0.35265347,0.35265347,0.35265347,0.35265347,0.35265347,0.35265347,0.35265347
Lithuania,LTU,0.33183792,0.33183792,0.33183792,0.33183792,0.33183792,0.33183792,0.33183792,0.33183792,0.33183792,0.33183792,0.33183792,0.33183792,0.33183792,0.33183792,0.37011144,0.35296747,0.34414476,0.34789148,0.35727036,0.372185,0.33608764,0.3248645,0.35092333,0.35307336,0.37675053,0.3737032,0.38385862,0.3728361,0.35705343,0.35251358,0.35956645,0.36656412,0.36656412,0.36656412
Luxembourg,LUX,0.2770192,0.2717853,0.27309504,0.27047905,0.28147867,0.28301048,0.29043368,0.2957325,0.30605367,0.30041057,0.30102962,0.30926323,0.3098299,0.30187473,0.30172697,0.30840808,0.3094812,0.31133747,0.32561544,0.31196916,0.3050438,0.3205409,0.3434715,0.32035962,0.31158078,0.32921496,0.31727898,0.34515306,0.35367873,0.34241158,0.3337364,0.3273477,0.3273477,0.3273477
Madagascar,MDG,0.45207667,0.45207667,0.45207667,0.45207667,0.45207667,0.45207667,0.45207667,0.3943274,0.3943274,0.38583288,0.38583288,0.4741719,0.4741719,0.4741719,0.4741719,0.39928237,0.39928237,0.39928237,0.39928237,0.39928237,0.4238018,0.4238018,0.42551258,0.42551258,0.42551258,0.42551258,0.42551258,0.42551258,0.42551258,0.42551258,0.42551258,0.42551258,0.42551258,0.42551258
Malawi,MWI,0.6575494,0.6575494,0.6575494,0.6575494,0.6575494,0.6575494,0.6575494,0.6575494,0.6575494,0.6575494,0.6575494,0.6575494,0.6575494,0.6575494,0.3987172,0.3987172,0.3987172,0.3987172,0.3987172,0.3987172,0.45470712,0.45470712,0.45470712,0.45470712,0.45470712,0.45470712,0.44694027,0.44694027,0.44694027,0.38542363,0.38542363,0.38542363,0.38542363,0.38542363
Malaysia,MYS,0.47653723,0.47653723,0.47653723,0.47653723,0.47653723,0.48522663,0.48522663,0.49149647,0.49149647,0.49149647,0.49149647,0.49149647,0.49149647,0.4641619,0.4641619,0.4641619,0.4475235,0.4475235,0.45479712,0.45479712,0.45479712,0.43943596,0.43943596,0.41348827,0.41348827,0.410664,0.410664,0.410664,0.41176775,0.41176775,0.41176775,0.40668428,0.40668428,0.40668428
Maldives,MDV,0.41312027,0.41312027,0.41312027,0.41312027,0.41312027,0.41312027,0.41312027,0.41312027,0.41312027,0.41312027,0.41312027,0.41312027,0.41312027,0.41312027,0.41312027,0.41312027,0.41312027,0.41312027,0.41312027,0.38372764,0.38372764,0.38372764,0.38372764,0.38372764,0.38372764,0.38372764,0.31285647,0.31285647,0.31285647,0.2928509,0.2928509,0.2928509,0.2928509,0.2928509
Mali,MLI,0.50157577,0.50157577,0.50157577,0.50157577,0.50157577,0.50157577,0.50157577,0.50157577,0.50157577,0.50157577,0.50157577,0.3986669,0.3986669,0.3986669,0.3986669,0.3986669,0.3892922,0.3892922,0.3892922,0.3303452,0.3303452,0.3303452,0.3303452,0.3303452,0.3303452,0.3303452,0.3303452,0.3303452,0.3596336,0.3596336,0.3596336,0.35653594,0.35653594,0.35653594
Malta,MLT,0.28019977,0.28019977,0.28019977,0.28019977,0.28019977,0.28019977,0.28019977,0.28019977,0.28019977,0.28019977,0.28019977,0.28019977,0.28019977,0.28019977,0.28019977,0.28019977,0.28019977,0.29207736,0.28995508,0.30244455,0.29025772,0.2914213,0.29360434,0.28843665,0.29020345,0.29433772,0.29089025,0.2923224,0.28665087,0.31041777,0.3140378,0.3140378,0.3140378,0.3140378
Marshall Islands,MHL,0.35482943,0.35482943,0.35482943,0.35482943,0.35482943,0.35482943,0.35482943,0.35482943,0.35482943,0.35482943,0.35482943,0.35482943,0.35482943,0.35482943,0.35482943,0.35482943,0.35482943,0.35482943,0.35482943,0.35482943,0.35482943,0.35482943,0.35482943,0.35482943,0.35482943,0.35482943,0.35482943,0.35482943,0.35482943,0.35482943,0.35482943,0.35482943,0.35482943,0.35482943
Mauritania,MRT,0.49523884,0.49523884,0.49523884,0.49523884,0.49523884,0.37747362,0.37747362,0.37747362,0.37747362,0.37747362,0.39028475,0.39028475,0.39028475,0.39028475,0.40168753,0.40168753,0.40168753,0.40168753,0.35685378,0.35685378,0.35685378,0.35685378,0.35685378,0.35685378,0.3261935,0.3261935,0.3261935,0.3261935,0.3261935,0.31996742,0.31996742,0.31996742,0.31996742,0.31996742
Mauritius,MUS,0.3565342,0.3565342,0.3565342,0.3565342,0.3565342,0.3565342,0.3565342,0.3565342,0.3565342,0.3565342,0.3565342,0.3565342,0.3565342,0.3565342,0.3565342,0.3565342,0.3565342,0.3565342,0.3565342,0.3565342,0.3565342,0.3565342,0.384654,0.384654,0.384654,0.384654,0.384654,0.36761206,0.36761206,0.36761206,0.36761206,0.36761206,0.36761206,0.36761206
Mexico,MEX,0.52310747,0.52310747,0.52310747,0.52310747,0.5342225,0.5342225,0.51971495,0.51971495,0.532833,0.532833,0.53417677,0.53417677,0.50582963,0.50582963,0.50343114,0.509391,0.49712282,0.49712282,0.50843656,0.50843656,0.47658002,0.47658002,0.49597254,0.49597254,0.48912397,0.48912397,0.4691244,0.4691244,0.4595491,0.4595491,0.44594344,0.44594344,0.4345403,0.4345403
Micronesia (country),FSM,0.423558,0.423558,0.423558,0.423558,0.423558,0.423558,0.423558,0.423558,0.423558,0.423558,0.423558,0.423558,0.423558,0.423558,0.423558,0.423558,0.423558,0.423558,0.423558,0.423558,0.423558,0.423558,0.423558,0.4005239,0.4005239,0.4005239,0.4005239,0.4005239,0.4005239,0.4005239,0.4005239,0.4005239,0.4005239,0.4005239
Micronesia (country) (urban),,0.63084173,0.63084173,0.63084173,0.63084173,0.63084173,0.63084173,0.63084173,0.63084173,0.63084173,0.63084173,0.63084173,0.63084173,0.63084173,0.63084173,0.63084173,0.63084173,0.63084173,0.63084173,0.63084173,0.63084173,0.63084173,0.63084173,0.63084173,0.63084173,0.63084173,0.63084173,0.63084173,0.63084173,0.63084173,0.63084173,0.63084173,0.63084173,0.63084173,0.63084173
Moldova,MDA,0.3694212,0.3694212,0.3694212,0.3694212,0.3694212,0.3694212,0.3694212,0.3694212,0.39518264,0.42623976,0.36424187,0.37987787,0.3584591,0.34902084,0.35029566,0.36280838,0.35399717,0.34421042,0.34692442,0.32910907,0.3205092,0.30628577,0.2915884,0.2853416,0.26833853,0.27028158,0.26345387,0.25899243,0.25661647,0.26016647,0.26016647,0.25731638,0.25731638,0.25731638
Mongolia,MNG,0.3319534,0.3319534,0.3319534,0.3319534,0.3319534,0.3319534,0.3319534,0.3319534,0.30271962,0.30271962,0.30271962,0.30271962,0.32892948,0.32892948,0.32892948,0.32892948,0.32892948,0.3582187,0.3582187,0.3582187,0.33081213,0.33883506,0.33751616,0.33751616,0.3203779,0.3203779,0.32345733,0.32345733,0.3274099,0.3274099,0.3274099,0.3274099,0.31416476,0.31416476
Montenegro,MNE,0.4120649,0.4120649,0.4120649,0.4120649,0.4120649,0.4120649,0.4120649,0.4120649,0.4120649,0.4120649,0.4120649,0.4120649,0.4120649,0.4120649,0.4120649,0.4120649,0.4120649,0.4120649,0.4120649,0.4120649,0.4120649,0.4120649,0.4120649,0.39021727,0.38769355,0.39005032,0.38467047,0.36881563,0.36809078,0.35665408,0.35412416,0.34297183,0.34297183,0.34297183
Morocco,MAR,0.39206904,0.39206904,0.39206904,0.39206904,0.39206904,0.39206904,0.39206904,0.39206904,0.39353913,0.39353913,0.40636948,0.40636948,0.40636948,0.40636948,0.40636948,0.40636948,0.40718302,0.40718302,0.40718302,0.40718302,0.40718302,0.40718302,0.40718302,0.39548507,0.39548507,0.39548507,0.39548507,0.39548507,0.39548507,0.39548507,0.39548507,0.39548507,0.39548507,0.39548507
Mozambique,MOZ,0.53288776,0.53288776,0.53288776,0.53288776,0.53288776,0.53288776,0.53288776,0.53288776,0.53288776,0.53288776,0.53288776,0.53288776,0.4695471,0.4695471,0.4695471,0.4695471,0.4695471,0.4695471,0.45489126,0.45489126,0.45489126,0.45489126,0.45489126,0.45489126,0.53956276,0.53956276,0.53956276,0.53956276,0.53956276,0.50274074,0.50274074,0.50274074,0.50274074,0.50274074
Myanmar,MMR,0.3806851,0.3806851,0.3806851,0.3806851,0.3806851,0.3806851,0.3806851,0.3806851,0.3806851,0.3806851,0.3806851,0.3806851,0.3806851,0.3806851,0.3806851,0.3806851,0.3806851,0.3806851,0.3806851,0.3806851,0.3806851,0.3806851,0.3806851,0.3806851,0.3806851,0.3806851,0.3806851,0.3069687,0.3069687,0.3069687,0.3069687,0.3069687,0.3069687,0.3069687
Namibia,NAM,0.7105055,0.7105055,0.7105055,0.7105055,0.7105055,0.7105055,0.7105055,0.7105055,0.7105055,0.7105055,0.7105055,0.7105055,0.7105055,0.6331717,0.6331717,0.6331717,0.6331717,0.6331717,0.6331717,0.6096475,0.6096475,0.6096475,0.6096475,0.6096475,0.6096475,0.5906661,0.5906661,0.5906661,0.5906661,0.5906661,0.5906661,0.5906661,0.5906661,0.5906661
Nauru,NRU,0.3236158,0.3236158,0.3236158,0.3236158,0.3236158,0.3236158,0.3236158,0.3236158,0.3236158,0.3236158,0.3236158,0.3236158,0.3236158,0.3236158,0.3236158,0.3236158,0.3236158,0.3236158,0.3236158,0.3236158,0.3236158,0.3236158,0.3236158,0.3236158,0.3236158,0.3236158,0.3236158,0.3236158,0.3236158,0.3236158,0.3236158,0.3236158,0.3236158,0.3236158
Nepal,NPL,0.35207018,0.35207018,0.35207018,0.35207018,0.35207018,0.35207018,0.35207018,0.35207018,0.35207018,0.35207018,0.35207018,0.35207018,0.35207018,0.43768105,0.43768105,0.43768105,0.43768105,0.43768105,0.43768105,0.43768105,0.32840586,0.32840586,0.32840586,0.32840586,0.32840586,0.32840586,0.32840586,0.32840586,0.32840586,0.32840586,0.32840586,0.32840586,0.30020264,0.30020264
Netherlands,NLD,0.31086653,0.31086653,0.31086653,0.3043144,0.3043144,0.3043144,0.3043144,0.3043144,0.3043144,0.28063396,0.28063396,0.28063396,0.28063396,0.28063396,0.29800007,0.2904823,0.30043328,0.2959278,0.29298013,0.27881998,0.2784524,0.27750087,0.2762093,0.2810648,0.2863142,0.2824158,0.2817357,0.28535804,0.28121036,0.29248324,0.2599421,0.2574387,0.2574387,0.2574387
Nicaragua,NIC,0.5712674,0.5712674,0.5712674,0.5712674,0.5712674,0.5712674,0.5712674,0.5712674,0.5437746,0.5437746,0.5437746,0.5287496,0.5287496,0.5287496,0.5287496,0.48820096,0.48820096,0.48820096,0.48820096,0.43941638,0.43941638,0.43941638,0.43941638,0.43941638,0.46156293,0.46156293,0.46156293,0.46156293,0.46156293,0.46156293,0.46156293,0.46156293,0.46156293,0.46156293
Niger,NER,0.3604249,0.3604249,0.3604249,0.3604249,0.4141697,0.4141697,0.4141697,0.4141697,0.4141697,0.4141697,0.4141697,0.4141697,0.4141697,0.4141697,0.4141697,0.44369024,0.44369024,0.3730385,0.3730385,0.3730385,0.3730385,0.31451714,0.31451714,0.31451714,0.34276575,0.34276575,0.34276575,0.34276575,0.37259424,0.37259424,0.37259424,0.32862565,0.32862565,0.32862565
Nigeria,NGA,0.44885525,0.44885525,0.44885525,0.44885525,0.44885525,0.44885525,0.51879764,0.51879764,0.51879764,0.51879764,0.51879764,0.51879764,0.51879764,0.40058756,0.40058756,0.40058756,0.40058756,0.40058756,0.40058756,0.40058756,0.3565021,0.3565021,0.35513008,0.35513008,0.35513008,0.35879776,0.35879776,0.35879776,0.35127744,0.35127744,0.35127744,0.35127744,0.35127744,0.35127744
North Macedonia,MKD,0.42760608,0.42760608,0.42760608,0.42760608,0.42760608,0.42760608,0.42760608,0.42760608,0.42760608,0.42760608,0.42760608,0.42760608,0.42760608,0.42760608,0.42760608,0.42760608,0.42760608,0.42760608,0.42760608,0.42760608,0.40062812,0.39360264,0.38132146,0.36238977,0.35201505,0.35590458,0.3453449,0.34198847,0.32960445,0.33505824,0.33505824,0.33505824,0.33505824,0.33505824
Norway,NOR,0.25226194,0.25226194,0.25226194,0.25226194,0.25226194,0.26019552,0.26019552,0.26019552,0.26019552,0.26019552,0.27358785,0.27358785,0.27358785,0.2762688,0.3157802,0.30596998,0.2635382,0.27090636,0.26996335,0.2615822,0.2572369,0.25300157,0.25725982,0.26361105,0.26752558,0.27496743,0.28493318,0.2698671,0.27560204,0.2774182,0.2774182,0.2774182,0.2774182,0.2774182
Pakistan,PAK,0.33248037,0.33248037,0.33248037,0.33248037,0.33248037,0.33248037,0.28664988,0.28664988,0.33123294,0.33123294,0.33123294,0.2865302,0.2865302,0.2865302,0.30886108,0.31261253,0.31261253,0.29669502,0.29669502,0.29669502,0.28780863,0.29697958,0.29697958,0.29528573,0.29528573,0.31291267,0.31291267,0.31291267,0.29589266,0.29589266,0.29589266,0.29589266,0.29589266,0.29589266
Palestine,PSE,0.3404466,0.3404466,0.3404466,0.3404466,0.3404466,0.3404466,0.3404466,0.3404466,0.3404466,0.3404466,0.3404466,0.3404466,0.3404466,0.3404466,0.3404466,0.34742624,0.3395928,0.35606077,0.35606077,0.34463975,0.3529443,0.34415236,0.34415236,0.34415236,0.34415236,0.34415236,0.3369004,0.3369004,0.3369004,0.3369004,0.3369004,0.3369004,0.3369004,0.3369004
Panama,PAN,0.5802924,0.5802924,0.5802924,0.5802924,0.5802924,0.576667,0.576667,0.58143127,0.5736364,0.5635335,0.5659207,0.5670764,0.560917,0.5565018,0.54772496,0.5380034,0.54636407,0.52685326,0.5269304,0.51770425,0.516088,0.51347023,0.51739,0.51456016,0.5046555,0.50805664,0.50406915,0.49885073,0.49211547,0.49837545,0.49837545,0.5085843,0.5085843,0.48875833
Papua New Guinea,PNG,0.45765835,0.45765835,0.45765835,0.45765835,0.45765835,0.45765835,0.45765835,0.45765835,0.45765835,0.45765835,0.45765835,0.45765835,0.45765835,0.45765835,0.45765835,0.45765835,0.45765835,0.45765835,0.45765835,0.41850442,0.41850442,0.41850442,0.41850442,0.41850442,0.41850442,0.41850442,0.41850442,0.41850442,0.41850442,0.41850442,0.41850442,0.41850442,0.41850442,0.41850442
Paraguay,PRY,0.4083735,0.4083735,0.4083735,0.4083735,0.4083735,0.5814064,0.5814064,0.54888344,0.54888344,0.5457138,0.5457138,0.54626775,0.57274485,0.54937583,0.52260363,0.5138116,0.5299425,0.5304046,0.50704694,0.49145123,0.5098244,0.52309674,0.47633564,0.479354,0.50702643,0.47605744,0.47899717,0.4854749,0.459551,0.45650637,0.43481943,0.4290515,0.45108196,0.45108196
Peru,PER,0.5325665,0.5325665,0.5325665,0.5325665,0.5325665,0.5325665,0.5325665,0.5325665,0.55117506,0.5482133,0.49072054,0.5130185,0.535637,0.5307964,0.4987963,0.5044914,0.50332135,0.5002141,0.47486418,0.47006038,0.45537677,0.44659775,0.4444003,0.4388273,0.43138838,0.43356073,0.4363899,0.43292674,0.4236557,0.4152813,0.4373994,0.4012181,0.40349188,0.40349188
Philippines,PHL,0.4382355,0.4382355,0.4382355,0.4382355,0.42888388,0.42888388,0.42888388,0.45962209,0.45962209,0.45962209,0.42799473,0.42799473,0.42799473,0.4149466,0.4149466,0.4149466,0.4285884,0.4285884,0.4285884,0.41760337,0.41760337,0.41760337,0.4222433,0.4222433,0.4222433,0.40351498,0.40351498,0.40351498,0.37811705,0.37811705,0.37811705,0.37268466,0.37268466,0.37268466
Poland,POL,0.29298562,0.29298562,0.29298562,0.29298562,0.29298562,0.3464313,0.3464313,0.3464313,0.3464313,0.32289156,0.32289156,0.32289156,0.32289156,0.32289156,0.3802178,0.35808384,0.34667546,0.34001285,0.33485633,0.33355722,0.3321481,0.33180645,0.3302016,0.33137318,0.32824445,0.3175091,0.31189167,0.2968527,0.302149,0.28760177,0.284626,0.28479505,0.28479505,0.28479505
Portugal,PRT,0.38775018,0.38775018,0.38775018,0.38775018,0.38775018,0.38775018,0.38775018,0.38775018,0.38775018,0.38775018,0.38775018,0.38775018,0.38775018,0.38775018,0.38938782,0.38480073,0.3806078,0.36750183,0.3663415,0.34907416,0.35844672,0.36344677,0.36034793,0.36187103,0.35562173,0.355233,0.3519052,0.3380384,0.33492562,0.32762748,0.3466863,0.3459202,0.3459202,0.3459202
Qatar,QAT,0.35128385,0.35128385,0.35128385,0.35128385,0.35128385,0.35128385,0.35128385,0.35128385,0.35128385,0.35128385,0.35128385,0.35128385,0.35128385,0.35128385,0.35128385,0.35128385,0.35128385,0.35128385,0.35128385,0.35128385,0.35128385,0.35128385,0.35128385,0.35128385,0.35128385,0.35128385,0.35128385,0.35128385,0.35128385,0.35128385,0.35128385,0.35128385,0.35128385,0.35128385
Romania,ROU,0.25461727,0.25461727,0.25461727,0.25461727,0.28200582,0.31158027,0.31158027,0.30504426,0.30504426,0.30504426,0.30504426,0.30504426,0.30504426,0.30504426,0.30504426,0.30504426,0.3964077,0.37547696,0.36428705,0.35564327,0.3547109,0.3586662,0.3654543,0.3691507,0.36009043,0.35913625,0.34406662,0.36012593,0.35758388,0.34800515,0.3457019,0.3385264,0.3385264,0.3385264
Russia,RUS,0.45385477,0.45385477,0.45385477,0.45385477,0.45385477,0.45385477,0.4609863,0.38409194,0.38137,0.37443382,0.37092733,0.36924976,0.37283763,0.39971545,0.4031583,0.41265598,0.4095094,0.42272472,0.41568583,0.398456,0.39548978,0.39749315,0.40714827,0.40884423,0.3988122,0.37710539,0.368485,0.37239072,0.37473005,0.37736863,0.36068243,0.36068243,0.36068243,0.36068243
Rwanda,RWA,0.4851838,0.4851838,0.4851838,0.4851838,0.4851838,0.4851838,0.4851838,0.4851838,0.4851838,0.4851838,0.4851838,0.4851838,0.4851838,0.4851838,0.4851838,0.52019864,0.52019864,0.52019864,0.52019864,0.52019864,0.4722184,0.4722184,0.4722184,0.45111495,0.45111495,0.45111495,0.43709454,0.43709454,0.43709454,0.43709454,0.43709454,0.43709454,0.43709454,0.43709454
Saint Lucia,LCA,0.4258438,0.4258438,0.4258438,0.4258438,0.4258438,0.4258438,0.4258438,0.4258438,0.4258438,0.4258438,0.4258438,0.4258438,0.4258438,0.4258438,0.4258438,0.4258438,0.4258438,0.4258438,0.4258438,0.4258438,0.4258438,0.4258438,0.4258438,0.4258438,0.4258438,0.5122298,0.5122298,0.5122298,0.5122298,0.5122298,0.5122298,0.5122298,0.5122298,0.5122298
Samoa,WSM,0.4073552,0.4073552,0.4073552,0.4073552,0.4073552,0.4073552,0.4073552,0.4073552,0.4073552,0.4073552,0.4073552,0.4073552,0.4073552,0.4073552,0.4073552,0.4073552,0.4073552,0.4073552,0.4204655,0.4204655,0.4204655,0.4204655,0.4204655,0.38743454,0.38743454,0.38743454,0.38743454,0.38743454,0.38743454,0.38743454,0.38743454,0.38743454,0.38743454,0.38743454
Sao Tome and Principe,STP,0.32125893,0.32125893,0.32125893,0.32125893,0.32125893,0.32125893,0.32125893,0.32125893,0.32125893,0.32125893,0.32125893,0.32125893,0.32125893,0.32125893,0.32125893,0.32125893,0.32125893,0.32125893,0.32125893,0.32125893,0.3082127,0.3082127,0.3082127,0.3082127,0.3082127,0.3082127,0.3082127,0.4072948,0.4072948,0.4072948,0.4072948,0.4072948,0.4072948,0.4072948
Senegal,SEN,0.5404016,0.5404016,0.5404016,0.5404016,0.39245197,0.39245197,0.39245197,0.39245197,0.39245197,0.39245197,0.39245197,0.41229436,0.41229436,0.41229436,0.41229436,0.3921271,0.3921271,0.3921271,0.3921271,0.3921271,0.3921271,0.40274113,0.40274113,0.40274113,0.40274113,0.40274113,0.40274113,0.40274113,0.38314784,0.38314784,0.38314784,0.3615772,0.3615772,0.3615772
Serbia,SRB,0.39887607,0.39887607,0.39887607,0.39887607,0.39887607,0.39887607,0.39887607,0.39887607,0.39887607,0.39887607,0.39887607,0.39887607,0.39887607,0.39887607,0.39887607,0.39887607,0.39887607,0.39887607,0.39887607,0.39887607,0.39887607,0.39887607,0.39887607,0.3944599,0.40437588,0.40461844,0.38775226,0.36105734,0.35003355,0.34475464,0.34950927,0.3312897,0.3312897,0.3312897
Seychelles,SYC,0.42776692,0.42776692,0.42776692,0.42776692,0.42776692,0.42776692,0.42776692,0.42776692,0.42776692,0.42776692,0.42776692,0.42776692,0.42776692,0.42776692,0.42776692,0.42776692,0.42767617,0.42767617,0.42767617,0.42767617,0.42767617,0.42767617,0.42767617,0.46822062,0.46822062,0.46822062,0.46822062,0.46822062,0.3212532,0.3212532,0.3212532,0.3212532,0.3212532,0.3212532
Sierra Leone,SLE,0.40167344,0.40167344,0.40167344,0.40167344,0.40167344,0.40167344,0.40167344,0.40167344,0.40167344,0.40167344,0.40167344,0.40167344,0.40167344,0.40167344,0.40167344,0.40167344,0.40167344,0.40167344,0.40167344,0.40167344,0.40167344,0.34030157,0.34030157,0.34030157,0.34030157,0.34030157,0.34030157,0.34030157,0.35690176,0.35690176,0.35690176,0.35690176,0.35690176,0.35690176
Slovakia,SVK,0.20186578,0.20186578,0.20186578,0.20186578,0.20186578,0.20186578,0.26275486,0.26275486,0.26275486,0.26275486,0.26275486,0.26275486,0.26275486,0.26275486,0.2707678,0.29296494,0.25797036,0.24664712,0.26024988,0.2723098,0.2731572,0.2653828,0.26115808,0.28086153,0.26103425,0.26491234,0.2515492,0.23237365,0.24970019,0.23232324,0.24219424,0.2411022,0.2411022,0.2411022
Slovenia,SVN,0.2911778,0.2911778,0.2911778,0.2911778,0.2911778,0.2911778,0.2911778,0.241215,0.241215,0.24042886,0.24042886,0.24042886,0.24042886,0.24042886,0.24790733,0.24634741,0.24363928,0.24354753,0.23718019,0.24787736,0.24933259,0.24868034,0.25585502,0.26241106,0.25657535,0.25408465,0.24757937,0.24219307,0.24633364,0.24384232,0.24031529,0.2428228,0.2428228,0.2428228
Solomon Islands,SLB,0.46088147,0.46088147,0.46088147,0.46088147,0.46088147,0.46088147,0.46088147,0.46088147,0.46088147,0.46088147,0.46088147,0.46088147,0.46088147,0.46088147,0.46088147,0.46088147,0.46088147,0.46088147,0.46088147,0.46088147,0.46088147,0.46088147,0.37054926,0.37054926,0.37054926,0.37054926,0.37054926,0.37054926,0.37054926,0.37054926,0.37054926,0.37054926,0.37054926,0.37054926
South Africa,ZAF,0.5933394,0.5933394,0.5933394,0.5933394,0.5933394,0.5933394,0.5933394,0.5933394,0.5933394,0.5933394,0.5776966,0.5776966,0.5776966,0.5776966,0.5776966,0.6476209,0.6476209,0.6476209,0.63009,0.63009,0.6338269,0.6338269,0.6338269,0.6338269,0.630258,0.630258,0.630258,0.630258,0.630258,0.630258,0.630258,0.630258,0.630258,0.630258
South Korea,KOR,0.31702983,0.31702983,0.31702983,0.31702983,0.31702983,0.31702983,0.31702983,0.31702983,0.31702983,0.31702983,0.31702983,0.31702983,0.31702983,0.31702983,0.31702983,0.31702983,0.31702983,0.31702983,0.32324833,0.32324833,0.32021224,0.32021224,0.31558052,0.31558052,0.31192905,0.31192905,0.35222206,0.34854642,0.33725032,0.33196163,0.32708606,0.32906574,0.32906574,0.32906574
South Sudan,SSD,0.46318194,0.46318194,0.46318194,0.46318194,0.46318194,0.46318194,0.46318194,0.46318194,0.46318194,0.46318194,0.46318194,0.46318194,0.46318194,0.46318194,0.46318194,0.46318194,0.46318194,0.46318194,0.46318194,0.46318194,0.46318194,0.46318194,0.46318194,0.46318194,0.46318194,0.46318194,0.44057786,0.44057786,0.44057786,0.44057786,0.44057786,0.44057786,0.44057786,0.44057786
Spain,ESP,0.32023215,0.32023215,0.32023215,0.3565849,0.35103723,0.35726634,0.36464584,0.35324422,0.34580052,0.3379193,0.34128913,0.34128913,0.34128913,0.31800938,0.33301964,0.32431775,0.33541158,0.3413741,0.342204,0.34924084,0.35244486,0.35693976,0.35403663,0.36181897,0.3605231,0.3617834,0.35757092,0.3465126,0.3471633,0.34303716,0.34863645,0.3388591,0.3388591,0.3388591
Sri Lanka,LKA,0.32447433,0.32447433,0.32447433,0.32447433,0.32447433,0.35399538,0.35399538,0.35399538,0.35399538,0.35399538,0.35399538,0.35399538,0.40171906,0.40171906,0.40171906,0.40171906,0.3966902,0.3966902,0.3966902,0.36054152,0.36054152,0.36054152,0.38713607,0.38713607,0.38713607,0.38713607,0.39345774,0.39345774,0.39345774,0.37663776,0.37663776,0.37663776,0.37663776,0.37663776
Sudan,SDN,0.35395128,0.35395128,0.35395128,0.35395128,0.35395128,0.35395128,0.35395128,0.35395128,0.35395128,0.35395128,0.35395128,0.35395128,0.35395128,0.35395128,0.35395128,0.35395128,0.35395128,0.35395128,0.35395128,0.35395128,0.35395128,0.35395128,0.35395128,0.35395128,0.3424273,0.3424273,0.3424273,0.3424273,0.3424273,0.3424273,0.3424273,0.3424273,0.3424273,0.3424273
Suriname,SUR,0.39179897,0.39179897,0.39179897,0.39179897,0.39179897,0.39179897,0.39179897,0.39179897,0.39179897,0.39179897,0.39179897,0.39179897,0.39179897,0.39179897,0.39179897,0.39179897,0.39179897,0.39179897,0.39179897,0.39179897,0.39179897,0.39179897,0.39179897,0.39179897,0.39179897,0.39179897,0.39179897,0.39179897,0.39179897,0.39179897,0.39179897,0.39179897,0.39179897,0.39179897
Suriname (urban),,0.5754272,0.5754272,0.5754272,0.5754272,0.5754272,0.5754272,0.5754272,0.5754272,0.5754272,0.5754272,0.5754272,0.5754272,0.5754272,0.5754272,0.5754272,0.5754272,0.5754272,0.5754272,0.5754272,0.5754272,0.5754272,0.5754272,0.5754272,0.5754272,0.5754272,0.5754272,0.5754272,0.5754272,0.5754272,0.5754272,0.5754272,0.5754272,0.5754272,0.5754272
Sweden,SWE,0.24908733,0.24908733,0.24908733,0.24908733,0.24908733,0.25236505,0.25236505,0.25236505,0.25236505,0.25236505,0.2696006,0.2654536,0.26216906,0.25268546,0.2614015,0.26821113,0.26351255,0.27114177,0.2811921,0.27339876,0.27736187,0.27605262,0.27643898,0.28822792,0.28388658,0.29209688,0.29561213,0.28774142,0.29971606,0.2930465,0.28870627,0.29765385,0.29765385,0.29765385
Switzerland,CHE,0.33854857,0.33854857,0.33854857,0.33854857,0.33854857,0.33854857,0.33854857,0.33854857,0.33854857,0.33854857,0.33431056,0.33431056,0.31686732,0.31686732,0.31564513,0.31564513,0.33918807,0.34255534,0.337947,0.32855856,0.3255303,0.3171362,0.31567127,0.3246219,0.3252566,0.32306957,0.33042452,0.32676333,0.3314104,0.3399834,0.33737928,0.33737928,0.33737928,0.33737928
Syria,SYR,0.3516938,0.3516938,0.3516938,0.3516938,0.3516938,0.3516938,0.3516938,0.3516938,0.3516938,0.3516938,0.3516938,0.3516938,0.3516938,0.37514603,0.37514603,0.37514603,0.4014725,0.4014725,0.4014725,0.40394777,0.40394777,0.40394777,0.40394777,0.40394777,0.40394777,0.40394777,0.40394777,0.40394777,0.40394777,0.40394777,0.40394777,0.40394777,0.26628006,0.26628006
Taiwan,TWN,0.29967803,0.29967803,0.29967803,0.29967803,0.29967803,0.3132387,0.3132387,0.30822107,0.30822107,0.30822107,0.31111476,0.31111476,0.31111476,0.31111476,0.31111476,0.32179585,0.32179585,0.32124567,0.32124567,0.32124567,0.33213326,0.33213326,0.33213326,0.32487386,0.32487386,0.32487386,0.31448635,0.31754693,0.31633675,0.3119192,0.31231022,0.31566375,0.31566375,0.31566375
Tajikistan,TJK,0.2953486,0.2953486,0.2953486,0.2953486,0.2953486,0.2953486,0.2953486,0.2953486,0.2953486,0.2953486,0.2953486,0.2953486,0.2953486,0.3271972,0.3360195,0.3360195,0.3360195,0.32182014,0.32182014,0.30774954,0.30774954,0.30774954,0.30774954,0.30774954,0.30774954,0.3399559,0.3399559,0.3399559,0.3399559,0.3399559,0.3399559,0.3399559,0.3399559,0.3399559
Tanzania,TZA,0.35275686,0.35275686,0.35275686,0.35275686,0.35275686,0.35275686,0.35275686,0.35275686,0.35275686,0.35275686,0.37266687,0.37266687,0.37266687,0.37266687,0.37266687,0.37266687,0.37266687,0.40277025,0.40277025,0.40277025,0.40277025,0.3778315,0.3778315,0.3778315,0.3778315,0.3778315,0.3778315,0.3778315,0.4049123,0.4049123,0.4049123,0.4049123,0.4049123,0.4049123
Thailand,THA,0.45265648,0.45265648,0.47857958,0.47857958,0.43470213,0.43470213,0.42904922,0.42904922,0.41455793,0.43091586,0.42833668,0.42833668,0.41944495,0.41944495,0.42540312,0.42540312,0.41819033,0.39761516,0.40288273,0.39601263,0.3940277,0.37459034,0.39256668,0.37847108,0.37032664,0.35987332,0.3689063,0.36382803,0.36412174,0.34855723,0.34985816,0.34923872,0.34923872,0.34923872
Togo,TGO,0.42211255,0.42211255,0.42211255,0.42211255,0.42211255,0.42211255,0.42211255,0.42211255,0.42211255,0.42211255,0.42211255,0.42211255,0.42211255,0.42211255,0.42211255,0.42211255,0.42211255,0.42211255,0.42211255,0.42211255,0.42211255,0.4601219,0.4601219,0.4601219,0.4601219,0.43023092,0.43023092,0.43023092,0.42534238,0.42534238,0.42534238,0.37858006,0.37858006,0.37858006
Tonga,TON,0.37690175,0.37690175,0.37690175,0.37690175,0.37690175,0.37690175,0.37690175,0.37690175,0.37690175,0.37690175,0.37690175,0.37690175,0.37690175,0.37690175,0.37690175,0.37690175,0.37690175,0.37690175,0.37690175,0.3749649,0.3749649,0.3749649,0.3749649,0.3749649,0.3749649,0.33521304,0.33521304,0.33521304,0.33521304,0.33521304,0.33521304,0.27095765,0.27095765,0.27095765
Trinidad and Tobago,TTO,0.40185452,0.40185452,0.40185452,0.40185452,0.40185452,0.40185452,0.40185452,0.40185452,0.40185452,0.40185452,0.40185452,0.40185452,0.40185452,0.40185452,0.40185452,0.40185452,0.40185452,0.40185452,0.40185452,0.40185452,0.40185452,0.40185452,0.40185452,0.40185452,0.40185452,0.40185452,0.40185452,0.40185452,0.40185452,0.40185452,0.40185452,0.40185452,0.40185452,0.40185452
Tunisia,TUN,0.40102237,0.40102237,0.40102237,0.40102237,0.40102237,0.41657296,0.41657296,0.41657296,0.41657296,0.41657296,0.40809476,0.40809476,0.40809476,0.40809476,0.40809476,0.37733382,0.37733382,0.37733382,0.37733382,0.37733382,0.35808256,0.35808256,0.35808256,0.35808256,0.35808256,0.32815883,0.32815883,0.32815883,0.32815883,0.32815883,0.32815883,0.33716425,0.33716425,0.33716425
Turkey,TUR,0.413152,0.413152,0.413152,0.413152,0.413152,0.413152,0.413152,0.413152,0.413152,0.413152,0.413152,0.413152,0.41396376,0.42184338,0.4128751,0.42614657,0.39647412,0.384428,0.3902054,0.3896531,0.3878508,0.40039355,0.40168938,0.401785,0.41236562,0.42854458,0.41873705,0.4353174,0.42441463,0.4383382,0.43045047,0.44364843,0.44364843,0.44364843
Turkmenistan,TKM,0.40806928,0.40806928,0.40806928,0.40806928,0.40806928,0.40806928,0.40806928,0.40806928,0.40806928,0.40806928,0.40806928,0.40806928,0.40806928,0.40806928,0.40806928,0.40806928,0.40806928,0.40806928,0.40806928,0.40806928,0.40806928,0.40806928,0.40806928,0.40806928,0.40806928,0.40806928,0.40806928,0.40806928,0.40806928,0.40806928,0.40806928,0.40806928,0.40806928,0.40806928
Tuvalu,TUV,0.39139032,0.39139032,0.39139032,0.39139032,0.39139032,0.39139032,0.39139032,0.39139032,0.39139032,0.39139032,0.39139032,0.39139032,0.39139032,0.39139032,0.39139032,0.39139032,0.39139032,0.39139032,0.39139032,0.39139032,0.39139032,0.39139032,0.39139032,0.39139032,0.39139032,0.39139032,0.39139032,0.39139032,0.39139032,0.39139032,0.39139032,0.39139032,0.39139032,0.39139032
Uganda,UGA,0.41423506,0.41423506,0.41423506,0.41423506,0.41423506,0.41423506,0.39042878,0.39042878,0.39042878,0.42997676,0.42997676,0.42997676,0.4516984,0.4516984,0.4516984,0.4294434,0.4294434,0.4294434,0.4294434,0.44190434,0.44190434,0.44190434,0.41009575,0.41009575,0.41009575,0.41009575,0.42753503,0.42753503,0.42753503,0.42702642,0.42702642,0.42702642,0.42702642,0.42702642
Ukraine,UKR,0.2970884,0.2970884,0.2970884,0.28926983,0.28926983,0.39231017,0.35153562,0.35153562,0.35153562,0.35153562,0.35153562,0.35153562,0.29045695,0.28664893,0.28934017,0.29020715,0.29794392,0.27012688,0.2663823,0.25316665,0.24818976,0.24551843,0.24740657,0.24554986,0.24025366,0.2545754,0.25002202,0.26049048,0.26071486,0.26619467,0.25627363,0.25627363,0.25627363,0.25627363
United Arab Emirates,ARE,0.3251042,0.3251042,0.3251042,0.3251042,0.3251042,0.3251042,0.3251042,0.3251042,0.3251042,0.3251042,0.3251042,0.3251042,0.3251042,0.3251042,0.3251042,0.3251042,0.3251042,0.3251042,0.3251042,0.3251042,0.3251042,0.3251042,0.3251042,0.3251042,0.3251042,0.3251042,0.3251042,0.3251042,0.26399004,0.26399004,0.26399004,0.26399004,0.26399004,0.26399004
United Kingdom,GBR,0.3574197,0.34962818,0.34955472,0.3507596,0.35978922,0.3551664,0.3529524,0.35735163,0.36621472,0.3678378,0.38848642,0.37086216,0.35146394,0.34856063,0.34834158,0.35485032,0.35879987,0.34413147,0.35445124,0.35137364,0.337056,0.33191085,0.33090645,0.32699567,0.3314094,0.33311963,0.33109283,0.3260817,0.33689743,0.32824126,0.32644516,0.32414576,0.32414576,0.32414576
United States,USA,0.38262504,0.38044858,0.38372815,0.4036311,0.39985397,0.39853615,0.40308332,0.40524158,0.39951783,0.39984423,0.40138903,0.40594307,0.40352058,0.40770072,0.40250537,0.40962887,0.413959,0.40795898,0.40809166,0.40608335,0.40007547,0.40934193,0.4093412,0.40649238,0.41508022,0.41235605,0.41118968,0.41177237,0.4140517,0.41533518,0.39682114,0.39696464,0.41334125,0.41334125
Uruguay,URY,0.4594136,0.4594136,0.4594136,0.4594136,0.4594136,0.4594136,0.4594136,0.4594136,0.4594136,0.4594136,0.4594136,0.4594136,0.4594136,0.4594136,0.4594136,0.4594136,0.4594136,0.46404734,0.4508151,0.45541507,0.44474792,0.42175132,0.39900422,0.40450785,0.40110928,0.40128586,0.3969534,0.39464375,0.39687112,0.3967629,0.40155584,0.40776816,0.40551677,0.40551677
Uruguay (urban),,0.41468027,0.41468027,0.41468027,0.41468027,0.41468027,0.4092631,0.40751207,0.41456702,0.4248223,0.4248223,0.42907074,0.45007667,0.45544198,0.4503368,0.45880932,0.44727546,0.44727546,0.44727546,0.44727546,0.44727546,0.44727546,0.44727546,0.44727546,0.44727546,0.44727546,0.44727546,0.44727546,0.44727546,0.44727546,0.44727546,0.44727546,0.44727546,0.44727546,0.44727546
Uzbekistan,UZB,0.44268507,0.44268507,0.44268507,0.44268507,0.44268507,0.44268507,0.44268507,0.44268507,0.44268507,0.44268507,0.36011636,0.36011636,0.33036503,0.3526095,0.3526095,0.3526095,0.3526095,0.3526095,0.3526095,0.3526095,0.3526095,0.3526095,0.3526095,0.3526095,0.3526095,0.3526095,0.3526095,0.3526095,0.3526095,0.3526095,0.3526095,0.3526095,0.31184828,0.31184828
Vanuatu,VUT,0.37351298,0.37351298,0.37351298,0.37351298,0.37351298,0.37351298,0.37351298,0.37351298,0.37351298,0.37351298,0.37351298,0.37351298,0.37351298,0.37351298,0.37351298,0.37351298,0.37351298,0.37351298,0.37351298,0.37351298,0.37351298,0.37351298,0.37351298,0.37351298,0.37351298,0.37351298,0.37351298,0.37351298,0.37351298,0.32317576,0.32317576,0.32317576,0.32317576,0.32317576
Venezuela,VEN,0.42061847,0.42061847,0.42061847,0.42061847,0.42061847,0.4716726,0.4716726,0.4716726,0.47999668,0.47699356,0.47699356,0.4717132,0.48879746,0.47908917,0.4731904,0.49318564,0.44699317,0.44699317,0.44699317,0.44699317,0.44699317,0.44699317,0.44699317,0.44699317,0.44699317,0.44699317,0.44699317,0.44699317,0.44699317,0.44699317,0.44699317,0.44699317,0.44699317,0.44699317
Vietnam,VNM,0.35654002,0.35654002,0.35654002,0.35654002,0.35654002,0.35654002,0.35654002,0.35442206,0.35442206,0.35442206,0.35442206,0.35442206,0.37029624,0.37029624,0.36785832,0.36785832,0.35788617,0.35788617,0.35570312,0.35570312,0.39252725,0.39252725,0.35645887,0.35645887,0.34755376,0.34755376,0.3526674,0.3526674,0.35715547,0.35715547,0.36790165,0.36790165,0.36093006,0.36093006
Yemen,YEM,0.34997785,0.34997785,0.34997785,0.34997785,0.34997785,0.34997785,0.34997785,0.34997785,0.34997785,0.34997785,0.34997785,0.34997785,0.34997785,0.34997785,0.34997785,0.34732336,0.34732336,0.34732336,0.34732336,0.34732336,0.34732336,0.34732336,0.34732336,0.34732336,0.36707094,0.36707094,0.36707094,0.36707094,0.36707094,0.36707094,0.36707094,0.36707094,0.36707094,0.36707094
Zambia,ZMB,0.5940293,0.5940293,0.5940293,0.5255011,0.5255011,0.5255011,0.48328376,0.48328376,0.4912212,0.4912212,0.4912212,0.4912212,0.4205863,0.4205863,0.54263926,0.54263926,0.54569334,0.54569334,0.54569334,0.54569334,0.52011114,0.52011114,0.52011114,0.52011114,0.52011114,0.5583758,0.5583758,0.5583758,0.5583758,0.5583758,0.5583758,0.5583758,0.51483124,0.51483124
Zimbabwe,ZWE,0.43153575,0.43153575,0.43153575,0.43153575,0.43153575,0.43153575,0.43153575,0.43153575,0.43153575,0.43153575,0.43153575,0.43153575,0.43153575,0.43153575,0.43153575,0.43153575,0.43153575,0.43153575,0.43153575,0.43153575,0.43153575,0.43153575,0.43153575,0.43153575,0.43153575,0.43153575,0.43153575,0.44337082,0.44337082,0.5025645,0.5025645,0.5025645,0.5025645,0.5025645