Entity,Code,Literacy rate 1990,Literacy rate 1991,Literacy rate 1992,Literacy rate 1993,Literacy rate 1994,Literacy rate 1995,Literacy rate 1996,Literacy rate 1997,Literacy rate 1998,Literacy rate 1999,Literacy rate 2000,Literacy rate 2001,Literacy rate 2002,Literacy rate 2003,Literacy rate 2004,Literacy rate 2005,Literacy rate 2006,Literacy rate 2007,Literacy rate 2008,Literacy rate 2009,Literacy rate 2010,Literacy rate 2011,Literacy rate 2012,Literacy rate 2013,Literacy rate 2014,Literacy rate 2015,Literacy rate 2016,Literacy rate 2017,Literacy rate 2018,Literacy rate 2019,Literacy rate 2020,Literacy rate 2021,Literacy rate 2022,Literacy rate 2023
Afghanistan,AFG,31.0,31.0,31.0,31.0,31.0,31.0,31.0,31.0,31.0,31.0,31.0,31.0,31.0,31.0,31.0,31.0,31.0,31.0,31.0,31.0,31.0,31.0,31.0,31.0,31.0,33.75384,33.75384,33.75384,33.75384,33.75384,33.75384,37.0,37.0,37.0
Albania,ALB,99.0,99.0,99.0,99.0,99.0,99.0,99.0,99.0,99.0,99.0,99.0,99.0,99.0,99.0,99.0,99.0,99.0,99.0,96.0,96.0,96.0,97.0,97.0,97.0,97.0,97.5539,97.5539,98.81623,98.81623,98.81623,98.81623,98.81623,98.5,98.5
Algeria,DZA,70.0,70.0,70.0,70.0,70.0,70.0,70.0,70.0,70.0,70.0,70.0,70.0,70.0,70.0,70.0,70.0,73.0,73.0,75.0,75.0,75.0,75.0,75.0,75.0,75.0,79.6084,79.6084,79.6084,81.40784,81.40784,81.40784,81.40784,81.40784,81.40784
Andorra,AND,100.0,100.0,100.0,100.0,100.0,100.0,100.0,100.0,100.0,100.0,100.0,100.0,100.0,100.0,100.0,100.0,100.0,100.0,100.0,100.0,100.0,100.0,100.0,100.0,100.0,100.0,100.0,100.0,100.0,100.0,100.0,100.0,100.0,100.0
Angola,AGO,67.0,67.0,67.0,67.0,67.0,67.0,67.0,67.0,67.0,67.0,67.0,67.0,67.0,67.0,67.0,67.0,67.0,67.0,67.0,67.0,67.0,67.0,67.0,67.0,66.0,66.23586,66.23586,66.23586,66.23586,66.23586,66.23586,66.23586,72.4,72.4
Antigua and Barbuda,ATG,99.0,99.0,99.0,99.0,99.0,99.0,99.0,99.0,99.0,99.0,99.0,99.0,99.0,99.0,99.0,99.0,99.0,99.0,99.0,99.0,99.0,99.0,99.0,99.0,98.95,98.95,98.95,98.95,98.95,98.95,98.95,98.95,98.95,98.95
Arab World,,54.59347,54.59347,54.59347,54.59347,54.59347,54.59347,54.59347,54.59347,54.59347,54.59347,66.006065,66.006065,66.006065,66.006065,66.006065,66.006065,66.006065,66.006065,66.006065,66.006065,77.364586,77.364586,77.364586,77.364586,77.364586,77.364586,77.364586,77.364586,77.364586,77.364586,77.364586,77.364586,77.364586,77.364586
Arab World (WB),,54.79577,55.80375,56.89017,57.67679,58.62235,59.60629,60.7434,61.85475,63.05042,64.12462,65.13143,66.26095,67.29463,70.01904,70.86917,71.40385,69.195,70.04465,71.01018,69.74596,70.43971,72.20359,73.06837,73.81129,74.31661,75.02054,73.71796,74.21221,74.55412,74.80752,75.12146,75.53957,75.81846,76.15426
Argentina,ARG,96.0,96.0,96.0,96.0,96.0,96.0,96.0,96.0,96.0,96.0,96.0,97.0,97.0,97.0,97.0,97.0,97.0,97.0,97.0,97.0,97.0,97.0,97.0,97.0,98.03402,98.08997,98.08997,98.08997,98.08997,98.08997,98.08997,98.08997,98.08997,98.08997
Armenia,ARM,99.0,99.0,99.0,99.0,99.0,99.0,99.0,99.0,99.0,99.0,99.0,99.0,99.0,99.0,99.0,99.0,99.0,99.0,99.0,99.0,99.0,100.0,100.0,100.0,100.0,99.76842,100.0,100.0,100.0,100.0,100.0,100.0,100.0,100.0
Aruba,ABW,97.0,97.0,97.0,97.0,97.0,97.0,97.0,97.0,97.0,97.0,97.0,97.0,97.0,97.0,97.0,97.0,97.0,97.0,97.0,97.0,97.0,97.0,97.0,97.0,97.0,97.5242,97.5242,97.5242,97.5242,97.5242,97.99,97.99,97.99,97.99
Australia,AUS,99.0,99.0,99.0,99.0,99.0,99.0,99.0,99.0,99.0,99.0,99.0,99.0,99.0,99.0,99.0,99.0,99.0,99.0,99.0,99.0,99.0,99.0,99.0,99.0,99.0,99.0,99.0,99.0,99.0,99.0,99.0,99.0,99.0,99.0
Austria,AUT,98.0,98.0,98.0,98.0,98.0,98.0,98.0,98.0,98.0,98.0,98.0,98.0,98.0,98.0,98.0,98.0,98.0,98.0,98.0,98.0,98.0,98.0,98.0,98.0,98.0,98.0,98.0,98.0,98.0,98.0,98.0,98.0,98.0,98.0
Azerbaijan,AZE,99.0,99.0,99.0,99.0,99.0,99.0,99.0,99.0,99.0,99.0,99.0,99.0,99.0,99.0,99.0,99.0,99.0,100.0,100.0,100.0,100.0,100.0,100.0,100.0,100.0,100.0,100.0,100.0,100.0,100.0,100.0,100.0,100.0,100.0
Bahamas,BHS,95.6,95.6,95.6,95.6,95.6,95.6,95.6,95.6,95.6,95.6,95.6,95.6,95.6,95.6,95.6,95.6,95.6,95.6,95.6,95.6,95.6,95.6,95.6,95.6,95.6,95.6,95.6,95.6,95.6,95.6,95.6,95.6,95.6,95.6
Bahrain,BHR,84.0,84.0,84.0,84.0,84.0,84.0,84.0,84.0,84.0,84.0,84.0,87.0,87.0,87.0,87.0,87.0,87.0,87.0,87.0,87.0,94.55679,92.3,92.3,92.3,92.3,95.71726,95.71726,95.71726,95.71726,95.71726,95.71726,95.71726,98.0,98.0
Bangladesh,BGD,35.0,35.0,35.0,35.0,35.0,35.0,35.0,35.0,35.0,35.0,35.0,47.0,47.0,47.0,47.0,47.0,47.0,46.6636,46.6636,46.6636,46.6636,59.0,58.0,61.0,61.0,65.0,73.0,73.0,74.0,75.0,75.0,76.0,76.0,76.0
Barbados,BRB,99.7,99.7,99.7,99.7,99.7,99.7,99.7,99.7,99.7,99.7,99.7,99.7,99.7,99.7,99.7,99.7,99.7,99.7,99.7,99.7,99.7,99.7,99.7,99.7,99.7,99.7,99.7,99.7,99.7,99.7,99.7,99.7,99.7,99.7
Belarus,BLR,100.0,100.0,100.0,100.0,100.0,100.0,100.0,100.0,100.0,100.0,100.0,100.0,100.0,100.0,100.0,100.0,100.0,100.0,100.0,100.0,100.0,100.0,100.0,100.0,100.0,99.72204,99.72204,99.72204,99.72204,100.0,100.0,100.0,100.0,100.0
Belgium,BEL,99.0,99.0,99.0,99.0,99.0,99.0,99.0,99.0,99.0,99.0,99.0,99.0,99.0,99.0,99.0,99.0,99.0,99.0,99.0,99.0,99.0,99.0,99.0,99.0,99.0,99.0,99.0,99.0,99.0,99.0,99.0,99.0,99.0,99.0
Belize,BLZ,70.0,70.0,70.0,70.0,70.0,70.0,70.0,70.0,70.0,70.0,70.0,80.9,80.9,80.9,80.9,80.9,80.9,80.9,80.9,80.9,80.9,80.9,80.9,80.9,80.9,90.91604,90.91604,90.91604,90.91604,90.91604,90.91604,90.91604,90.91604,90.91604
Benin,BEN,27.0,27.0,27.0,27.0,27.0,27.0,27.0,27.0,27.0,27.0,27.0,27.0,35.0,35.0,35.0,35.0,28.70211,28.70211,28.70211,28.70211,28.70211,28.70211,32.94882,32.94882,32.94882,38.44714,38.44714,38.87121,38.87121,38.87121,38.87121,43.83417,47.1,47.1
Bermuda,BMU,98.0,98.0,98.0,98.0,98.0,98.0,98.0,98.0,98.0,98.0,98.0,98.0,98.0,98.0,98.0,98.0,98.0,98.0,98.0,98.0,98.0,98.0,98.0,98.0,98.0,98.0,98.0,98.0,98.0,98.0,98.0,98.0,98.0,98.0
Bhutan,BTN,53.0,53.0,53.0,53.0,53.0,53.0,53.0,53.0,53.0,53.0,53.0,53.0,53.0,53.0,53.0,53.0,53.0,53.0,53.0,53.0,53.0,53.0,55.0,55.0,55.0,63.90682,63.90682,67.0,67.0,67.0,67.0,67.0,72.1,72.1
Bolivia,BOL,80.0,80.0,80.0,80.0,80.0,80.0,80.0,80.0,80.0,80.0,80.0,87.0,87.0,87.0,87.0,87.0,87.0,91.0,91.0,91.0,91.0,92.0,94.0,94.0,94.0,92.0,92.0,92.0,92.0,92.0,94.0,94.0,94.0,94.0
Bosnia and Herzegovina,BIH,89.0,89.0,89.0,89.0,89.0,89.0,89.0,89.0,89.0,89.0,97.0,97.0,97.0,97.0,97.0,97.0,97.0,97.0,97.0,97.0,97.0,98.14204,98.14204,97.0,98.37765,98.48576,98.48576,98.48576,98.48576,98.48576,98.48576,98.48576,98.3,98.3
Botswana,BWA,69.0,69.0,69.0,69.0,69.0,69.0,69.0,69.0,69.0,69.0,69.0,69.0,69.0,81.0,81.0,81.0,81.0,81.0,81.0,81.0,81.0,81.0,81.0,86.82318,87.70751,88.22441,88.22441,88.22441,88.22441,88.22441,88.22441,88.22441,88.22441,88.22441
Brazil,BRA,86.0,86.0,86.0,86.0,86.0,86.0,86.0,86.0,86.0,86.0,86.0,86.0,86.0,86.0,89.0,89.0,90.0,90.0,90.0,90.0,90.0,91.0,91.0,91.0,92.0,92.0,93.0,93.0,93.0,93.0,93.0,93.0,94.69,94.69
British Virgin Islands,VGB,97.8,97.8,97.8,97.8,97.8,97.8,97.8,97.8,97.8,97.8,97.8,97.8,97.8,97.8,97.8,97.8,97.8,97.8,97.8,97.8,97.8,97.8,97.8,97.8,97.8,97.8,97.8,97.8,97.8,97.8,97.8,97.8,97.8,97.8
Brunei,BRN,88.0,88.0,88.0,88.0,88.0,88.0,88.0,88.0,88.0,88.0,88.0,93.0,93.0,93.0,93.0,93.0,93.0,93.0,93.0,93.0,93.0,96.0,96.0,96.0,96.0,96.65653,96.65653,96.65653,96.65653,96.65653,96.65653,97.59,97.59,97.59
Bulgaria,BGR,98.0,98.0,98.0,98.0,98.0,98.0,98.0,98.0,98.0,98.0,98.0,98.0,98.0,98.0,98.0,98.0,98.0,98.0,98.0,98.0,98.0,98.0,98.0,98.0,98.0,98.38858,98.38858,98.38858,98.38858,98.38858,98.38858,98.42,98.42,98.42
Burkina Faso,BFA,14.0,14.0,14.0,14.0,14.0,14.0,13.0,13.0,13.0,13.0,13.0,13.0,13.0,22.0,22.0,24.0,22.0,28.0,28.0,28.0,28.0,28.0,28.0,28.0,35.0,37.7467,37.7467,37.7467,39.0,30.0,30.0,36.96738,34.49,34.49
Burundi,BDI,37.0,37.0,37.0,37.0,37.0,37.0,37.0,37.0,37.0,37.0,59.0,59.0,59.0,59.0,59.0,59.0,59.0,59.0,48.0,48.0,48.0,48.0,48.0,48.0,62.0,85.49609,65.68774,68.0,68.0,68.0,68.0,68.0,75.54,75.54
Cambodia,KHM,67.0,67.0,67.0,67.0,67.0,67.0,67.0,67.0,67.0,67.0,67.0,67.0,67.0,67.0,74.0,74.0,74.0,74.0,77.0,76.0,76.0,76.0,76.0,76.0,78.0,81.0,81.0,81.0,81.0,81.0,81.0,71.92725,83.78,83.78
Cameroon,CMR,68.0,68.0,68.0,68.0,68.0,68.0,68.0,68.0,68.0,68.0,68.0,68.0,68.0,68.0,68.0,68.0,68.0,71.0,71.0,71.0,71.0,71.0,71.0,71.0,71.0,74.98558,74.98558,74.98558,72.54713,72.54713,78.23,78.23,78.23,78.23
Canada,CAN,99.0,99.0,99.0,99.0,99.0,99.0,99.0,99.0,99.0,99.0,99.0,99.0,99.0,99.0,99.0,99.0,99.0,99.0,99.0,99.0,99.0,99.0,99.0,99.0,99.0,99.0,99.0,99.0,99.0,99.0,99.0,99.0,99.0,99.0
Cape Verde,CPV,63.0,63.0,63.0,63.0,63.0,63.0,63.0,63.0,63.0,63.0,76.11044,76.11044,76.11044,76.11044,80.01972,80.01972,80.01972,80.01972,80.01972,80.01972,80.01972,80.01972,85.0,85.0,85.0,87.0,87.0,87.0,87.0,87.0,87.0,87.0,91.0,91.0
Caribbean small states,,88.1378,88.1378,88.1378,88.1378,88.1378,88.1378,88.1378,88.1378,88.1378,88.1378,88.1378,88.1378,88.1378,88.1378,88.1378,88.1378,88.1378,88.1378,88.1378,88.1378,91.76071,91.76071,91.76071,91.76071,91.76071,91.76071,91.76071,91.76071,91.76071,91.76071,91.76071,91.76071,91.76071,91.76071
Cayman Islands,CYM,99.0,99.0,99.0,99.0,99.0,99.0,99.0,99.0,99.0,99.0,99.0,99.0,99.0,99.0,99.0,99.0,99.0,99.0,99.0,99.0,99.0,99.0,99.0,99.0,99.0,99.0,99.0,99.0,99.0,99.0,99.0,99.0,99.0,99.0
Central African Republic,CAF,51.0,51.0,51.0,51.0,51.0,51.0,51.0,51.0,51.0,51.0,51.0,51.0,51.0,51.0,51.0,51.0,51.0,51.0,51.0,51.0,36.75261,36.75261,36.75261,36.75261,36.75261,36.75261,36.75261,36.75261,37.0,42.44279,37.49,37.49,37.49,37.49
Central Europe and the Baltics,,98.59496,98.59496,98.59496,98.59496,98.59496,98.59496,98.59496,98.59496,98.59496,98.59496,98.96019,98.96019,98.96019,98.96019,98.96019,98.96019,98.96019,98.96019,98.96019,98.96019,99.36096,99.36096,99.36096,99.36096,99.36096,99.36096,99.36096,99.36096,99.36096,99.36096,99.36096,99.36096,99.36096,99.36096
Central Europe and the Baltics (WB),,98.34003,98.40038,98.45833,98.509,98.55935,98.60749,98.60749,98.60749,98.60749,98.60749,98.60749,98.60749,98.60749,98.60749,98.60749,98.60749,98.60749,98.60749,98.60749,98.60749,98.60749,98.60749,98.60749,99.2969,99.3146,99.33225,99.35021,99.37021,99.41868,99.43812,99.4566,99.47559,99.48735,99.48735
Chad,TCD,11.0,11.0,11.0,11.0,11.0,11.0,11.0,11.0,11.0,11.0,26.0,26.0,26.0,26.0,28.0,28.0,28.0,28.0,28.0,28.0,28.0,28.0,28.0,28.0,39.04967,26.00299,22.0,22.0,22.0,30.62792,30.62792,30.62792,27.28,27.28
Chile,CHL,94.0,94.0,94.0,94.0,94.0,94.0,94.0,94.0,94.0,94.0,94.0,94.0,96.0,96.0,96.0,96.0,96.0,96.0,98.64901,98.55368,98.55368,97.0,97.0,96.0,96.0,97.0,97.0,96.0,96.0,96.0,96.0,96.0,97.16,97.16
China,CHN,78.0,78.0,78.0,78.0,78.0,78.0,78.0,78.0,78.0,78.0,91.0,91.0,91.0,91.0,91.0,91.0,91.0,91.0,91.0,91.0,95.0,95.0,95.0,95.0,95.0,96.35745,96.35745,96.35745,96.35745,96.35745,97.0,97.0,97.0,97.0
Colombia,COL,91.0,91.0,91.0,91.0,91.0,91.0,91.0,91.0,91.0,91.0,91.0,91.0,91.0,91.0,93.0,93.0,92.0,93.0,93.0,93.0,93.0,94.0,94.0,94.0,94.0,94.0,95.0,95.0,95.0,95.0,96.0,96.0,96.0,96.0
Comoros,COM,68.0,68.0,68.0,68.0,68.0,68.0,68.0,68.0,68.0,68.0,68.0,68.0,68.0,68.0,68.0,68.0,68.0,68.0,68.0,68.0,68.0,68.0,49.19614,49.19614,77.57327,78.13739,78.13739,78.13739,78.13739,78.13739,78.13739,78.13739,61.71,61.71
Congo,COG,76.0,76.0,76.0,76.0,76.0,76.0,76.0,76.0,76.0,76.0,76.0,76.0,76.0,76.0,76.0,76.0,76.0,76.0,76.0,76.0,76.0,79.31117,79.31117,79.31117,79.31117,79.31117,79.31117,79.31117,79.31117,79.31117,79.31117,80.61,80.61,80.61
Cook Islands,COK,95.0,95.0,95.0,95.0,95.0,95.0,95.0,95.0,95.0,95.0,95.0,95.0,95.0,95.0,95.0,95.0,95.0,95.0,95.0,95.0,95.0,95.0,95.0,95.0,95.0,95.0,95.0,95.0,95.0,95.0,95.0,95.0,95.0,95.0
Costa Rica,CRI,95.0,95.0,95.0,95.0,95.0,95.0,95.0,95.0,95.0,95.0,95.0,95.0,95.0,95.0,95.0,95.0,95.0,95.0,95.0,95.0,95.0,97.0,97.0,97.0,97.0,97.64725,97.64725,97.64725,97.64725,97.64725,97.64725,98.04,98.04,98.04
Cote d'Ivoire,CIV,36.0,36.0,36.0,36.0,36.0,36.0,36.0,36.0,36.0,36.0,49.0,49.0,49.0,49.0,49.0,49.0,49.0,49.0,49.0,49.0,49.0,49.0,40.98163,40.98163,44.0,43.26532,50.03968,50.03968,50.03968,90.0,90.0,50.00064,50.00064,50.00064
Croatia,HRV,97.0,97.0,97.0,97.0,97.0,97.0,97.0,97.0,97.0,97.0,97.0,98.0,98.0,98.0,98.0,98.0,98.0,98.0,98.0,98.0,98.0,99.12536,99.12536,99.12536,99.12536,99.27259,99.27259,99.27259,99.27259,99.27259,99.27259,99.45,99.45,99.45
Cuba,CUB,100.0,100.0,100.0,100.0,100.0,100.0,100.0,100.0,100.0,100.0,100.0,100.0,100.0,100.0,100.0,100.0,100.0,100.0,100.0,100.0,100.0,100.0,100.0,100.0,100.0,99.71072,99.71072,99.71072,99.71072,97.65491,97.65491,99.67311,99.67311,99.67311
Cyprus,CYP,94.0,94.0,94.0,94.0,94.0,94.0,94.0,94.0,94.0,94.0,94.0,97.0,97.0,97.0,97.0,97.0,97.0,97.0,97.0,97.0,97.0,99.0,99.0,99.0,99.0,99.05978,99.05978,99.05978,99.05978,99.05978,99.05978,99.36,99.36,99.36
Czechia,CZE,99.0,99.0,99.0,99.0,99.0,99.0,99.0,99.0,99.0,99.0,99.0,99.0,99.0,99.0,99.0,99.0,99.0,99.0,99.0,99.0,99.0,99.0,99.0,99.0,99.0,99.0,99.0,99.0,99.0,99.0,99.0,99.0,99.0,99.0
Democratic Republic of Congo,COD,67.0,67.0,67.0,67.0,67.0,67.0,67.0,67.0,67.0,67.0,67.0,67.0,67.0,67.0,67.0,67.0,67.0,61.20555,61.20555,61.20555,61.20555,61.20555,75.0,75.0,75.0,77.22167,77.0,77.0,73.55303,73.55303,73.55303,73.55303,80.54,80.54
Denmark,DNK,99.0,99.0,99.0,99.0,99.0,99.0,99.0,99.0,99.0,99.0,99.0,99.0,99.0,99.0,99.0,99.0,99.0,99.0,99.0,99.0,99.0,99.0,99.0,99.0,99.0,99.0,99.0,99.0,99.0,99.0,99.0,99.0,99.0,99.0
Djibouti,DJI,67.9,67.9,67.9,67.9,67.9,67.9,67.9,67.9,67.9,67.9,67.9,67.9,67.9,67.9,67.9,67.9,67.9,67.9,67.9,67.9,67.9,67.9,67.9,67.9,67.9,67.9,67.9,67.9,67.9,67.9,67.9,67.9,67.9,67.9
Dominica,DMA,94.0,94.0,94.0,94.0,94.0,94.0,94.0,94.0,94.0,94.0,94.0,94.0,94.0,94.0,94.0,94.0,94.0,94.0,94.0,94.0,94.0,94.0,94.0,94.0,94.0,94.0,94.0,94.0,94.0,94.0,94.0,94.0,94.0,94.0
Dominican Republic,DOM,87.0,87.0,87.0,87.0,87.0,87.0,87.0,87.0,87.0,87.0,87.0,87.0,87.0,87.0,87.0,87.0,87.0,88.0,88.0,88.0,90.0,90.0,90.0,91.0,92.0,92.0,94.0,94.0,94.0,94.0,94.0,94.0,95.5,95.5
Early-demographic dividend,,59.518055,59.518055,59.518055,59.518055,59.518055,59.518055,59.518055,59.518055,59.518055,59.518055,69.11661,69.11661,69.11661,69.11661,69.11661,69.11661,69.11661,69.11661,69.11661,69.11661,76.50836,76.50836,76.50836,76.50836,76.50836,76.50836,76.50836,76.50836,76.50836,76.50836,76.50836,76.50836,76.50836,76.50836
East Asia & Pacific,,82.054344,82.054344,82.054344,82.054344,82.054344,82.054344,82.054344,82.054344,82.054344,82.054344,91.61869,91.61869,91.61869,91.61869,91.61869,91.61869,91.61869,91.61869,91.61869,91.61869,95.10822,95.10822,95.10822,95.10822,95.10822,95.10822,95.10822,95.10822,95.10822,95.10822,95.10822,95.10822,95.10822,95.10822
East Asia & Pacific (IDA & IBRD),,79.458626,79.458626,79.458626,79.458626,79.458626,79.458626,79.458626,79.458626,79.458626,79.458626,90.649956,90.649956,90.649956,90.649956,90.649956,90.649956,90.649956,90.649956,90.649956,90.649956,94.68925,94.68925,94.68925,94.68925,94.68925,94.68925,94.68925,94.68925,94.68925,94.68925,94.68925,94.68925,94.68925,94.68925
East Asia & Pacific (excluding high income),,79.7442,79.7442,79.7442,79.7442,79.7442,79.7442,79.7442,79.7442,79.7442,79.7442,90.77303,90.77303,90.77303,90.77303,90.77303,90.77303,90.77303,90.77303,90.77303,90.77303,94.75167,94.75167,94.75167,94.75167,94.75167,94.75167,94.75167,94.75167,94.75167,94.75167,94.75167,94.75167,94.75167,94.75167
East Asia and the Pacific (WB),,81.17076,81.71117,82.22357,82.68984,83.24469,83.8043,84.29005,89.27749,89.64291,89.96028,90.32185,90.63564,90.98982,91.36144,91.69448,92.02961,92.37919,93.5125,93.81618,94.08518,94.20017,93.8646,94.09502,94.20693,94.71124,94.92792,95.13196,95.32305,95.36943,95.80688,96.0287,96.16493,96.30093,96.43049
East Timor,TLS,38.0,38.0,38.0,38.0,38.0,38.0,38.0,38.0,38.0,38.0,38.0,38.0,38.0,38.0,38.0,38.0,38.0,51.0,51.0,51.0,58.0,58.0,58.0,58.0,58.0,64.06614,65.77913,65.77913,65.77913,65.77913,69.9,69.9,69.9,69.9
Ecuador,ECU,88.0,88.0,88.0,88.0,88.0,88.0,88.0,88.0,88.0,88.0,88.0,91.0,91.0,91.0,91.0,91.0,91.0,92.0,92.0,92.0,92.0,92.0,92.0,93.0,94.0,94.0,94.0,93.0,93.0,93.0,94.0,94.0,94.0,94.0
Egypt,EGY,56.0,56.0,56.0,56.0,56.0,56.0,56.0,56.0,56.0,56.0,56.0,56.0,56.0,56.0,56.0,67.0,66.0,66.0,66.0,66.0,72.0,72.0,74.0,72.0,72.0,75.84262,75.84262,71.0,71.0,71.0,71.0,71.0,74.5,74.5
El Salvador,SLV,74.0,74.0,74.0,74.0,74.0,74.0,74.0,74.0,74.0,74.0,74.0,74.0,74.0,74.0,80.77836,80.77836,84.0,82.0,84.0,84.0,84.0,85.0,85.0,87.0,87.0,88.0,88.0,88.0,89.0,89.0,90.0,90.0,90.0,90.0
Equatorial Guinea,GNQ,88.0,88.0,88.0,88.0,88.0,88.0,88.0,88.0,88.0,88.0,88.0,88.0,88.0,88.0,88.0,88.0,88.0,88.0,88.0,88.0,94.37054,94.37054,94.37054,94.37054,94.95674,95.19566,95.19566,95.19566,95.19566,95.19566,95.19566,95.19566,95.19566,95.19566
Eritrea,ERI,53.0,53.0,53.0,53.0,53.0,53.0,53.0,53.0,53.0,53.0,53.0,53.0,53.0,53.0,53.0,53.0,53.0,53.0,65.0,65.0,65.0,65.0,65.0,65.0,72.79049,73.84525,73.84525,73.84525,76.57052,76.57052,76.57052,76.57052,76.57052,76.57052
Estonia,EST,100.0,100.0,100.0,100.0,100.0,100.0,100.0,100.0,100.0,100.0,100.0,100.0,100.0,100.0,100.0,100.0,100.0,100.0,100.0,100.0,100.0,100.0,100.0,100.0,100.0,99.82351,99.82351,99.82351,99.82351,99.82351,99.82351,99.87,99.87,99.87
Eswatini,SWZ,82.0,82.0,82.0,82.0,82.0,82.0,82.0,82.0,82.0,82.0,82.0,82.0,82.0,82.0,82.0,82.0,82.0,82.0,82.0,82.0,83.09829,83.09829,83.09829,83.09829,83.09829,87.47019,87.47019,87.47019,87.47019,87.47019,89.28,89.28,90.74702,90.74702
Ethiopia,ETH,27.0,27.0,27.0,27.0,27.0,27.0,27.0,27.0,27.0,27.0,27.0,27.0,27.0,27.0,35.9,29.82034,29.82034,39.0,39.0,39.0,39.0,39.0,39.0,39.0,39.0,49.03152,47.49159,51.77118,51.77118,51.77118,51.77118,51.77118,51.77118,51.77118
Europe & Central Asia,,97.26079,97.26079,97.26079,97.26079,97.26079,97.26079,97.26079,97.26079,97.26079,97.26079,98.14584,98.14584,98.14584,98.14584,98.14584,98.14584,98.14584,98.14584,98.14584,98.14584,98.99759,98.99759,98.99759,98.99759,98.99759,98.99759,98.99759,98.99759,98.99759,98.99759,98.99759,98.99759,98.99759,98.99759
Europe & Central Asia (IDA & IBRD),,95.9422,95.9422,95.9422,95.9422,95.9422,95.9422,95.9422,95.9422,95.9422,95.9422,97.452644,97.452644,97.452644,97.452644,97.452644,97.452644,97.452644,97.452644,97.452644,97.452644,98.89095,98.89095,98.89095,98.89095,98.89095,98.89095,98.89095,98.89095,98.89095,98.89095,98.89095,98.89095,98.89095,98.89095
Europe & Central Asia (excluding high income),,95.56776,95.56776,95.56776,95.56776,95.56776,95.56776,95.56776,95.56776,95.56776,95.56776,97.21841,97.21841,97.21841,97.21841,97.21841,97.21841,97.21841,97.21841,97.21841,97.21841,98.79964,98.79964,98.79964,98.79964,98.79964,98.79964,98.79964,98.79964,98.79964,98.79964,98.79964,98.79964,98.79964,98.79964
Europe and Central Asia (WB),,95.93806,95.93806,95.93806,95.93806,95.93806,96.06758,96.22135,96.3414,96.48624,96.59245,96.65252,96.7528,96.91116,97.00517,97.09123,97.21017,97.27016,97.35178,97.47324,97.73077,97.89465,98.03516,98.13266,98.19623,98.23871,98.28185,98.33891,98.41798,98.50179,98.56401,98.60383,98.64628,98.66442,98.68871
Fiji,FJI,93.7,93.7,93.7,93.7,93.7,93.7,93.7,93.7,93.7,93.7,93.7,93.7,93.7,93.7,93.7,93.7,93.7,93.7,93.7,93.7,93.7,93.7,93.7,93.7,93.7,93.7,93.7,93.7,93.7,93.7,93.7,93.7,93.7,93.7
Finland,FIN,100.0,100.0,100.0,100.0,100.0,100.0,100.0,100.0,100.0,100.0,100.0,100.0,100.0,100.0,100.0,100.0,100.0,100.0,100.0,100.0,100.0,100.0,100.0,100.0,100.0,100.0,100.0,100.0,100.0,100.0,100.0,100.0,100.0,100.0
Fragile and conflict affected situations,,63.947193,63.947193,63.947193,63.947193,63.947193,63.947193,63.947193,63.947193,63.947193,63.947193,63.947193,63.947193,63.947193,63.947193,63.947193,63.947193,63.947193,63.947193,63.947193,63.947193,68.33667,68.33667,68.33667,68.33667,68.33667,68.33667,68.33667,68.33667,68.33667,68.33667,68.33667,68.33667,68.33667,68.33667
France,FRA,99.0,99.0,99.0,99.0,99.0,99.0,99.0,99.0,99.0,99.0,99.0,99.0,99.0,99.0,99.0,99.0,99.0,99.0,99.0,99.0,99.0,99.0,99.0,99.0,99.0,99.0,99.0,99.0,99.0,99.0,99.0,99.0,99.0,99.0
Gabon,GAB,72.0,72.0,72.0,72.0,72.0,72.0,72.0,72.0,72.0,72.0,72.0,72.0,72.0,72.0,81.84552,81.84552,81.84552,81.84552,81.84552,81.84552,81.84552,81.84552,82.2838,82.2838,82.2838,83.23788,83.23788,83.23788,83.23788,83.23788,83.23788,88.85834,85.69,85.69
Gambia,GMB,37.0,37.0,37.0,37.0,37.0,37.0,37.0,37.0,37.0,37.0,37.0,37.0,37.0,37.0,37.0,37.0,37.0,37.0,37.0,37.0,37.0,37.0,37.0,41.95005,54.38756,51.0,51.0,51.0,53.1602,53.1602,53.1602,51.6374,58.67,58.67
Georgia,GEO,100.0,100.0,100.0,100.0,100.0,100.0,100.0,100.0,100.0,100.0,100.0,100.0,100.0,100.0,100.0,100.0,100.0,100.0,100.0,100.0,100.0,100.0,100.0,100.0,100.0,99.75962,99.75962,99.0,99.65366,99.65366,99.65366,99.65366,100.0,100.0
Germany,DEU,99.0,99.0,99.0,99.0,99.0,99.0,99.0,99.0,99.0,99.0,99.0,99.0,99.0,99.0,99.0,99.0,99.0,99.0,99.0,99.0,99.0,99.0,99.0,99.0,99.0,99.0,99.0,99.0,99.0,99.0,99.0,99.0,99.0,99.0
Ghana,GHA,58.0,58.0,58.0,58.0,58.0,58.0,58.0,58.0,58.0,58.0,58.0,58.0,58.0,58.0,58.0,58.0,58.0,58.0,58.0,58.0,71.0,71.0,71.0,71.0,71.0,76.5759,76.5759,64.49239,64.49239,64.49239,80.38,80.38,80.38,80.38
Gibraltar,GIB,80.0,80.0,80.0,80.0,80.0,80.0,80.0,80.0,80.0,80.0,80.0,80.0,80.0,80.0,80.0,80.0,80.0,80.0,80.0,80.0,80.0,80.0,80.0,80.0,80.0,80.0,80.0,80.0,80.0,80.0,80.0,80.0,80.0,80.0
Greece,GRC,93.0,93.0,93.0,93.0,93.0,93.0,93.0,93.0,93.0,93.0,93.0,96.0,96.0,96.0,96.0,96.0,96.0,96.0,96.0,94.0,94.0,94.0,94.0,94.0,97.53238,95.29287,95.29287,95.29287,95.29287,95.29287,95.29287,95.29287,95.29287,95.29287
Greenland,GRL,100.0,100.0,100.0,100.0,100.0,100.0,100.0,100.0,100.0,100.0,100.0,100.0,100.0,100.0,100.0,100.0,100.0,100.0,100.0,100.0,100.0,100.0,100.0,100.0,100.0,100.0,100.0,100.0,100.0,100.0,100.0,100.0,100.0,100.0
Grenada,GRD,96.0,96.0,96.0,96.0,96.0,96.0,96.0,96.0,96.0,96.0,96.0,96.0,96.0,96.0,96.0,96.0,96.0,96.0,96.0,96.0,96.0,96.0,96.0,96.0,96.0,96.0,96.0,96.0,96.0,96.0,96.0,96.0,96.0,96.0
Guam,GUM,99.0,99.0,99.0,99.0,99.0,99.0,99.0,99.0,99.0,99.0,99.56,99.56,99.56,99.56,99.56,99.56,99.56,99.56,99.56,99.56,99.56,99.56,99.56,99.56,99.56,99.78904,99.78904,99.78904,99.78904,99.78904,99.78904,99.78904,99.78904,99.78904
Guatemala,GTM,64.0,64.0,64.0,64.0,64.0,64.0,64.0,64.0,64.0,64.0,64.0,64.0,69.0,69.0,69.0,69.0,69.0,69.0,69.0,69.0,69.0,69.0,78.0,77.0,81.0,80.19509,80.19509,80.19509,81.0,81.0,81.0,81.0,83.03117,83.03117
Guinea,GIN,21.0,21.0,21.0,21.0,21.0,21.0,21.0,21.0,21.0,21.0,21.0,21.0,21.0,30.0,30.0,30.0,30.0,30.0,30.0,30.0,25.0,25.0,25.0,25.0,32.0,30.47279,30.47279,30.47279,40.0,40.0,40.0,45.33,45.33,45.33
Guinea-Bissau,GNB,41.0,41.0,41.0,41.0,41.0,41.0,41.0,41.0,41.0,41.0,41.0,41.0,41.0,41.0,41.0,41.0,41.0,41.0,41.0,41.0,41.0,41.0,41.0,41.0,45.58116,59.77285,59.77285,59.77285,59.77285,54.88232,54.88232,54.88232,53.9,53.9
Guyana,GUY,84.99401,84.99401,84.99401,84.99401,84.99401,84.99401,84.99401,84.99401,84.99401,84.99401,84.99401,84.99401,84.99401,84.99401,84.99401,84.99401,84.99401,84.99401,84.99401,84.99401,84.99401,84.99401,84.99401,84.99401,85.63973,87.53532,87.53532,87.53532,87.53532,87.53532,85.63835,85.63835,90.03,90.03
Haiti,HTI,59.0,59.0,59.0,59.0,59.0,59.0,59.0,59.0,59.0,59.0,59.0,59.0,59.0,59.0,59.0,59.0,48.68502,48.68502,48.68502,48.68502,48.68502,48.68502,48.68502,48.68502,48.68502,60.68935,61.69135,68.00986,68.00986,68.00986,68.00986,68.00986,68.00986,68.00986
Heavily indebted poor countries (HIPC),,45.420242,45.420242,45.420242,45.420242,45.420242,45.420242,45.420242,45.420242,45.420242,45.420242,52.221073,52.221073,52.221073,52.221073,52.221073,52.221073,52.221073,52.221073,52.221073,52.221073,57.837166,57.837166,57.837166,57.837166,57.837166,57.837166,57.837166,57.837166,57.837166,57.837166,57.837166,57.837166,57.837166,57.837166
Honduras,HND,80.0,80.0,80.0,80.0,80.0,80.0,80.0,80.0,80.0,80.0,80.0,80.0,80.0,80.0,80.0,80.0,80.0,84.0,84.0,84.0,85.0,85.0,85.0,85.0,87.0,88.0,89.0,89.0,87.0,89.0,89.0,89.0,89.0,89.0
Hong Kong,HKG,93.5,93.5,93.5,93.5,93.5,93.5,93.5,93.5,93.5,93.5,93.5,93.5,93.5,93.5,93.5,93.5,93.5,93.5,93.5,93.5,93.5,93.5,93.5,93.5,93.5,93.5,93.5,93.5,93.5,93.5,93.5,93.5,93.5,93.5
Hungary,HUN,99.1,99.1,99.1,99.1,98.98207,98.98207,98.98207,98.98207,98.98207,98.98207,98.98207,98.98207,98.98207,98.98207,99.02922,99.02922,99.02922,99.02922,99.02922,99.02922,99.02922,99.02922,99.02922,99.02922,99.05012,99.38088,99.38088,99.38088,99.38088,99.38088,99.38088,99.1,99.1,99.1
IBRD only,,73.64205,73.64205,73.64205,73.64205,73.64205,73.64205,73.64205,73.64205,73.64205,73.64205,82.563576,82.563576,82.563576,82.563576,82.563576,82.563576,82.563576,82.563576,82.563576,82.563576,87.32906,87.32906,87.32906,87.32906,87.32906,87.32906,87.32906,87.32906,87.32906,87.32906,87.32906,87.32906,87.32906,87.32906
IDA & IBRD total,,69.8612,69.8612,69.8612,69.8612,69.8612,69.8612,69.8612,69.8612,69.8612,69.8612,77.90584,77.90584,77.90584,77.90584,77.90584,77.90584,77.90584,77.90584,77.90584,77.90584,82.39069,82.39069,82.39069,82.39069,82.39069,82.39069,82.39069,82.39069,82.39069,82.39069,82.39069,82.39069,82.39069,82.39069
IDA blend,,63.288082,63.288082,63.288082,63.288082,63.288082,63.288082,63.288082,63.288082,63.288082,63.288082,63.288082,63.288082,63.288082,63.288082,63.288082,63.288082,63.288082,63.288082,63.288082,63.288082,69.031975,69.031975,69.031975,69.031975,69.031975,69.031975,69.031975,69.031975,69.031975,69.031975,69.031975,69.031975,69.031975,69.031975
IDA only,,48.29747,48.29747,48.29747,48.29747,48.29747,48.29747,48.29747,48.29747,48.29747,48.29747,55.4478,55.4478,55.4478,55.4478,55.4478,55.4478,55.4478,55.4478,55.4478,55.4478,61.650894,61.650894,61.650894,61.650894,61.650894,61.650894,61.650894,61.650894,61.650894,61.650894,61.650894,61.650894,61.650894,61.650894
IDA total,,54.1447,54.1447,54.1447,54.1447,54.1447,54.1447,54.1447,54.1447,54.1447,54.1447,59.467594,59.467594,59.467594,59.467594,59.467594,59.467594,59.467594,59.467594,59.467594,59.467594,64.43312,64.43312,64.43312,64.43312,64.43312,64.43312,64.43312,64.43312,64.43312,64.43312,64.43312,64.43312,64.43312,64.43312
Iceland,ISL,99.0,99.0,99.0,99.0,99.0,99.0,99.0,99.0,99.0,99.0,99.0,99.0,99.0,99.0,99.0,99.0,99.0,99.0,99.0,99.0,99.0,99.0,99.0,99.0,99.0,99.0,99.0,99.0,99.0,99.0,99.0,99.0,99.0,99.0
India,IND,48.0,48.0,48.0,48.0,48.0,48.0,48.0,48.0,48.0,48.0,48.0,61.0,61.0,61.0,61.0,61.0,63.0,63.0,63.0,63.0,63.0,69.0,69.0,69.0,69.0,72.2253,72.2253,72.2253,72.2253,72.2253,72.2253,72.2253,76.0,77.0
Indonesia,IDN,82.0,82.0,82.0,82.0,82.0,82.0,82.0,82.0,82.0,82.0,82.0,82.0,82.0,82.0,90.0,90.0,92.0,92.0,92.0,93.0,93.0,93.0,93.0,93.0,95.0,95.0,95.0,95.0,96.0,96.0,96.0,96.0,96.0,96.0
Iran,IRN,66.0,66.0,66.0,66.0,66.0,66.0,73.0,73.0,73.0,73.0,73.0,73.0,77.0,77.0,77.0,82.0,82.0,82.0,83.0,83.0,83.0,83.0,84.0,85.0,85.0,87.17253,86.0,86.0,86.0,86.0,86.0,86.0,88.96,88.96
Iraq,IRQ,74.0,74.0,74.0,74.0,74.0,74.0,74.0,74.0,74.0,74.0,74.0,74.0,74.0,74.0,74.0,74.0,74.0,74.0,74.0,74.0,74.0,74.0,77.0,77.0,82.0,79.72176,83.0,86.0,86.0,86.0,86.0,86.0,86.0,86.0
Ireland,IRL,99.0,99.0,99.0,99.0,99.0,99.0,99.0,99.0,99.0,99.0,99.0,99.0,99.0,99.0,99.0,99.0,99.0,99.0,99.0,99.0,99.0,99.0,99.0,99.0,99.0,99.0,99.0,99.0,99.0,99.0,99.0,99.0,99.0,99.0
Israel,ISR,97.1,97.1,97.1,97.1,97.1,97.1,97.1,97.1,97.1,97.1,97.1,97.1,97.1,97.1,97.1,97.1,97.1,97.1,97.1,97.1,97.1,97.1,97.1,97.1,97.1,97.1,97.1,97.1,97.1,97.1,97.1,97.1,97.1,97.1
Italy,ITA,98.0,98.0,98.0,98.0,98.0,98.0,98.0,98.0,98.0,98.0,98.0,98.0,98.0,98.0,98.0,98.0,98.0,98.0,98.0,98.0,98.0,99.0,99.0,99.0,99.0,99.01579,99.01579,99.01579,99.01579,99.0,99.0,99.0,99.0,99.0
Jamaica,JAM,80.0,80.0,80.0,80.0,80.0,80.0,80.0,80.0,80.0,80.0,80.0,80.0,80.0,80.0,80.0,80.0,80.0,80.0,80.0,80.0,80.0,80.0,80.0,80.0,88.13225,88.4999,88.4999,88.4999,88.4999,88.4999,88.4999,88.4999,88.4999,88.4999
Japan,JPN,99.0,99.0,99.0,99.0,99.0,99.0,99.0,99.0,99.0,99.0,99.0,99.0,99.0,99.0,99.0,99.0,99.0,99.0,99.0,99.0,99.0,99.0,99.0,99.0,99.0,99.0,99.0,99.0,99.0,99.0,99.0,99.0,99.0,99.0
Jordan,JOR,90.0,90.0,90.0,90.0,90.0,90.0,90.0,90.0,90.0,90.0,90.0,90.0,90.0,90.0,90.0,91.0,91.0,92.0,92.0,92.0,93.0,96.0,98.0,98.0,98.0,98.01435,98.01435,98.01435,95.43145,95.43145,95.43145,95.43145,95.43145,95.0
Kazakhstan,KAZ,100.0,100.0,100.0,100.0,100.0,100.0,100.0,100.0,100.0,100.0,100.0,100.0,100.0,100.0,100.0,100.0,100.0,100.0,100.0,100.0,99.78163,99.78163,99.78163,99.78163,99.78163,99.78785,99.78785,99.78785,99.78785,99.78785,99.8,99.8,99.8,99.8
Kenya,KEN,82.0,82.0,82.0,82.0,82.0,82.0,82.0,82.0,82.0,82.0,82.0,82.0,82.0,82.0,82.0,82.0,82.0,72.15703,72.15703,72.15703,72.15703,72.15703,72.15703,72.15703,78.73304,78.0234,78.0234,78.0234,78.0234,78.0234,78.0234,78.0234,82.88,82.88
Kiribati,KIR,97.95971,97.95971,97.95971,97.95971,97.95971,97.95971,97.95971,97.95971,97.95971,97.95971,97.95971,97.95971,97.95971,97.95971,97.95971,97.95971,97.95971,97.95971,97.95971,97.95971,97.95971,97.95971,97.95971,97.95971,97.95971,97.95971,97.95971,97.95971,97.95971,97.95971,97.95971,97.95971,97.95971,97.95971
Kosovo,OWID_KOS,91.9,91.9,91.9,91.9,91.9,91.9,91.9,91.9,91.9,91.9,91.9,91.9,91.9,91.9,91.9,91.9,91.9,91.9,91.9,91.9,91.9,91.9,91.9,91.9,91.9,91.9,91.9,91.9,91.9,91.9,91.9,91.9,91.9,91.9
Kuwait,KWT,78.0,78.0,78.0,78.0,78.0,78.0,78.0,78.0,78.0,78.0,78.0,78.0,78.0,78.0,78.0,93.0,93.0,94.0,94.0,94.0,94.0,94.0,96.0,96.0,96.0,96.0,96.0,96.0,96.0,96.0,96.0,96.0,96.0,96.0
Kyrgyzstan,KGZ,99.0,99.0,99.0,99.0,99.0,99.0,99.0,99.0,99.0,99.0,99.0,99.0,99.0,99.0,99.0,99.0,99.0,99.0,99.0,99.0,99.0,99.0,99.0,99.0,99.0,99.50132,99.50132,99.50132,99.50132,99.6,99.6,99.6,99.6,99.6
Laos,LAO,60.0,60.0,60.0,60.0,60.0,60.0,60.0,60.0,60.0,60.0,70.0,69.0,69.0,69.0,69.0,73.0,73.0,73.0,73.0,73.0,73.0,58.28794,58.28794,58.28794,58.28794,85.0,85.0,85.0,85.0,85.0,85.0,85.0,87.52,87.52
Late-demographic dividend,,82.47946,82.47946,82.47946,82.47946,82.47946,82.47946,82.47946,82.47946,82.47946,82.47946,91.466995,91.466995,91.466995,91.466995,91.466995,91.466995,91.466995,91.466995,91.466995,91.466995,94.78494,94.78494,94.78494,94.78494,94.78494,94.78494,94.78494,94.78494,94.78494,94.78494,94.78494,94.78494,94.78494,94.78494
Latin America & Caribbean,,87.46383,87.46383,87.46383,87.46383,87.46383,87.46383,87.46383,87.46383,87.46383,87.46383,89.73644,89.73644,89.73644,89.73644,89.73644,89.73644,89.73644,89.73644,89.73644,89.73644,92.62431,92.62431,92.62431,92.62431,92.62431,92.62431,92.62431,92.62431,92.62431,92.62431,92.62431,92.62431,92.62431,92.62431
Latin America & Caribbean (IDA & IBRD),,87.06507,87.06507,87.06507,87.06507,87.06507,87.06507,87.06507,87.06507,87.06507,87.06507,89.47367,89.47367,89.47367,89.47367,89.47367,89.47367,89.47367,89.47367,89.47367,89.47367,92.4664,92.4664,92.4664,92.4664,92.4664,92.4664,92.4664,92.4664,92.4664,92.4664,92.4664,92.4664,92.4664,92.4664
Latin America & Caribbean (excluding high income),,87.10164,87.10164,87.10164,87.10164,87.10164,87.10164,87.10164,87.10164,87.10164,87.10164,89.45039,89.45039,89.45039,89.45039,89.45039,89.45039,89.45039,89.45039,89.45039,89.45039,92.44799,92.44799,92.44799,92.44799,92.44799,92.44799,92.44799,92.44799,92.44799,92.44799,92.44799,92.44799,92.44799,92.44799
Latin America and Caribbean (WB),,84.46787,85.06639,85.66554,86.25491,86.83326,87.40622,87.77912,88.04446,88.39903,88.71655,89.01666,89.17575,89.44306,90.0959,90.37227,90.33941,90.54231,91.39063,91.68934,91.86467,91.78517,92.49057,92.79948,92.78406,93.28205,93.42686,93.86832,93.89947,94.08591,94.25567,94.31331,94.49382,94.64692,94.79001
Latvia,LVA,100.0,100.0,100.0,100.0,100.0,100.0,100.0,100.0,100.0,100.0,100.0,100.0,100.0,100.0,100.0,100.0,100.0,100.0,100.0,100.0,100.0,100.0,100.0,100.0,100.0,99.89269,99.89269,99.89269,99.89269,99.89269,99.89269,99.89,99.89,99.89
Least developed countries: UN classification,,45.830433,45.830433,45.830433,45.830433,45.830433,45.830433,45.830433,45.830433,45.830433,45.830433,53.4134,53.4134,53.4134,53.4134,53.4134,53.4134,53.4134,53.4134,53.4134,53.4134,60.568233,60.568233,60.568233,60.568233,60.568233,60.568233,60.568233,60.568233,60.568233,60.568233,60.568233,60.568233,60.568233,60.568233
Lebanon,LBN,90.0,90.0,90.0,90.0,90.0,90.0,90.0,90.0,90.0,90.0,90.0,90.0,90.0,90.0,90.0,90.0,90.0,90.0,90.0,91.0,91.0,91.0,91.0,91.0,91.0,94.0511,94.0511,94.0511,93.0,93.0,93.0,93.0,93.0,93.0
Lesotho,LSO,86.0,86.0,86.0,86.0,86.0,86.0,86.0,86.0,86.0,86.0,86.0,86.0,86.0,86.0,86.0,86.0,86.0,86.0,86.0,75.8002,75.8002,75.8002,75.8002,75.8002,76.6352,79.36093,79.36093,79.36093,86.24087,86.24087,86.24087,86.24087,82.01,82.01
Liberia,LBR,42.66605,42.66605,42.66605,42.66605,42.66605,42.66605,42.66605,42.66605,42.66605,42.66605,42.66605,42.66605,42.66605,42.66605,43.10837,43.10837,43.10837,42.94108,42.94108,42.94108,42.94108,42.94108,42.94108,42.94108,42.94108,47.60014,47.60014,48.30136,48.30136,48.30136,48.30136,48.30136,48.30136,48.30136
Libya,LBY,76.5,76.5,76.5,76.5,76.5,76.5,76.5,76.5,76.5,76.5,76.5,76.5,76.5,76.5,85.41682,85.41682,85.41682,85.41682,85.41682,85.41682,85.41682,85.41682,85.41682,85.41682,91.04144,91.38887,91.38887,91.38887,91.38887,91.38887,91.38887,91.38887,91.38887,91.38887
Liechtenstein,LIE,100.0,100.0,100.0,100.0,100.0,100.0,100.0,100.0,100.0,100.0,100.0,100.0,100.0,100.0,100.0,100.0,100.0,100.0,100.0,100.0,100.0,100.0,100.0,100.0,100.0,100.0,100.0,100.0,100.0,100.0,100.0,100.0,100.0,100.0
Lithuania,LTU,100.0,100.0,100.0,100.0,100.0,100.0,100.0,100.0,100.0,100.0,100.0,100.0,100.0,100.0,100.0,100.0,100.0,100.0,100.0,100.0,100.0,100.0,100.0,100.0,100.0,99.82328,99.82328,99.82328,99.82328,99.82328,99.82328,99.83,99.83,99.83
Low income,,46.02458,46.02458,46.02458,46.02458,46.02458,46.02458,46.02458,46.02458,46.02458,46.02458,52.69497,52.69497,52.69497,52.69497,52.69497,52.69497,52.69497,52.69497,52.69497,52.69497,56.57406,56.57406,56.57406,56.57406,56.57406,56.57406,56.57406,56.57406,56.57406,56.57406,56.57406,56.57406,56.57406,56.57406
Low-income countries,,47.39165,47.6823,47.82185,48.03085,48.31109,48.676,49.04267,49.73331,50.43019,50.97881,51.39866,52.04716,52.7164,53.11349,53.58198,53.99721,52.1799,53.41816,54.31401,54.82347,55.31973,57.35872,57.80881,58.65501,59.07083,59.74246,60.4267,61.48362,61.45404,61.52847,61.69004,62.18141,62.63246,63.03853
Lower middle income,,58.59612,58.59612,58.59612,58.59612,58.59612,58.59612,58.59612,58.59612,58.59612,58.59612,67.3316,67.3316,67.3316,67.3316,67.3316,67.3316,67.3316,67.3316,67.3316,67.3316,73.91008,73.91008,73.91008,73.91008,73.91008,73.91008,73.91008,73.91008,73.91008,73.91008,73.91008,73.91008,73.91008,73.91008
Lower-middle-income countries,,52.8069,53.51564,54.40485,55.26998,56.08274,56.85776,57.63437,58.41293,61.84885,62.59148,62.80231,63.52992,64.24833,65.29472,65.99687,65.78602,65.76852,66.29194,66.94372,67.63524,69.50833,69.80986,70.25576,71.1596,71.89687,72.98467,73.734,74.26711,75.07314,75.24551,75.8803,76.48823,77.08264,77.63182
Luxembourg,LUX,100.0,100.0,100.0,100.0,100.0,100.0,100.0,100.0,100.0,100.0,100.0,100.0,100.0,100.0,100.0,100.0,100.0,100.0,100.0,100.0,100.0,100.0,100.0,100.0,100.0,100.0,100.0,100.0,100.0,100.0,100.0,100.0,100.0,100.0
Macao,MAC,91.0,91.0,91.0,91.0,91.0,91.0,91.0,91.0,91.0,91.0,91.0,91.0,91.0,91.0,91.0,91.0,93.0,93.0,93.0,93.0,93.0,96.0,96.0,96.0,96.0,96.2276,97.0,97.0,97.0,97.0,97.0,97.11,97.11,97.11
Madagascar,MDG,71.0,71.0,71.0,71.0,71.0,71.0,71.0,71.0,71.0,71.0,71.0,71.0,71.0,71.0,71.0,59.0,59.0,59.0,59.0,64.48091,64.48091,64.48091,72.0,72.0,72.0,64.6563,64.6563,64.6563,77.0,77.0,77.0,74.68614,77.48,77.48
Malawi,MWI,64.0,64.0,64.0,64.0,64.0,64.0,64.0,64.0,64.0,64.0,64.0,64.0,64.0,64.0,64.0,64.0,64.0,64.0,64.0,64.0,61.30972,61.30972,61.30972,61.30972,65.14537,62.14354,62.14354,62.14354,62.14354,62.14354,70.15227,70.15227,68.08,68.08
Malaysia,MYS,83.0,83.0,83.0,83.0,83.0,83.0,83.0,83.0,83.0,83.0,88.68776,88.68776,88.68776,88.68776,88.68776,88.68776,88.68776,88.68776,88.68776,88.68776,93.0,93.0,93.0,93.0,93.0,94.63699,95.0,95.0,95.0,95.0,95.0,95.0,96.0,96.0
Maldives,MDV,96.0,96.0,96.0,96.0,96.0,96.0,96.0,96.0,96.0,96.0,96.0,96.0,96.0,96.0,96.0,96.0,98.0,98.0,98.0,98.0,98.0,98.0,98.0,98.0,99.0,99.32102,98.0,94.50551,94.50551,98.21186,98.21186,97.86,97.86,97.86
Mali,MLI,19.0,19.0,19.0,19.0,19.0,19.0,19.0,19.0,19.0,19.0,19.0,19.0,19.0,24.0,24.0,24.0,26.0,26.0,26.0,26.0,31.0,31.0,31.0,31.0,31.0,33.0,33.0,33.0,35.0,35.0,31.0,31.0,31.0,31.0
Malta,MLT,88.0,88.0,88.0,88.0,88.0,88.0,88.0,88.0,88.0,88.0,88.0,88.0,88.0,88.0,88.0,92.0,92.0,92.0,92.0,92.0,92.0,93.0,93.0,93.0,93.0,94.06661,94.06661,94.06661,94.06661,94.06661,94.06661,94.94,94.94,94.94
Marshall Islands,MHL,98.0,98.0,98.0,98.0,98.0,98.0,98.0,98.0,98.0,98.0,98.0,98.0,98.0,98.0,98.0,98.0,98.0,98.0,98.0,98.0,98.0,98.0,98.0,98.0,98.0,98.26508,98.26508,98.26508,98.26508,98.26508,98.26508,98.26508,98.26508,98.26508
Mauritania,MRT,51.0,51.0,51.0,51.0,51.0,51.0,51.0,51.0,51.0,51.0,51.0,51.0,51.0,51.0,51.0,51.0,51.0,45.50378,45.50378,45.50378,45.50378,45.50378,45.50378,62.0,62.0,65.11202,65.11202,65.11202,65.11202,65.11202,59.52966,66.96,66.96,66.96
Mauritius,MUS,80.0,80.0,80.0,80.0,80.0,80.0,80.0,80.0,80.0,80.0,84.0,84.0,84.0,84.0,84.0,84.0,84.0,84.0,84.0,84.0,84.0,89.0,92.0,91.0,92.0,93.0,93.0,93.0,93.0,93.0,93.0,92.15,92.15,92.15
Mexico,MEX,88.0,88.0,88.0,88.0,88.0,88.0,88.0,88.0,88.0,88.0,91.0,91.0,90.0,90.0,91.0,92.0,92.0,93.0,93.0,93.0,93.0,94.0,94.0,94.0,95.0,94.0,95.0,95.0,95.0,95.0,95.0,95.0,95.0,95.0
Middle East & North Africa,,58.496243,58.496243,58.496243,58.496243,58.496243,58.496243,58.496243,58.496243,58.496243,58.496243,70.40315,70.40315,70.40315,70.40315,70.40315,70.40315,70.40315,70.40315,70.40315,70.40315,80.750015,80.750015,80.750015,80.750015,80.750015,80.750015,80.750015,80.750015,80.750015,80.750015,80.750015,80.750015,80.750015,80.750015
Middle East & North Africa (IDA & IBRD),,55.75025,55.75025,55.75025,55.75025,55.75025,55.75025,55.75025,55.75025,55.75025,55.75025,67.76973,67.76973,67.76973,67.76973,67.76973,67.76973,67.76973,67.76973,67.76973,67.76973,78.23286,78.23286,78.23286,78.23286,78.23286,78.23286,78.23286,78.23286,78.23286,78.23286,78.23286,78.23286,78.23286,78.23286
Middle East & North Africa (excluding high income),,56.03943,56.03943,56.03943,56.03943,56.03943,56.03943,56.03943,56.03943,56.03943,56.03943,68.023575,68.023575,68.023575,68.023575,68.023575,68.023575,68.023575,68.023575,68.023575,68.023575,78.43881,78.43881,78.43881,78.43881,78.43881,78.43881,78.43881,78.43881,78.43881,78.43881,78.43881,78.43881,78.43881,78.43881
Middle East and North Africa (WB),,58.23571,59.42651,60.52205,61.38714,62.34871,63.82514,64.96068,66.06362,67.26733,68.36744,69.40159,70.53242,71.56456,74.12706,74.96323,75.57109,74.59212,75.36998,77.08521,76.01827,76.60938,77.32386,77.99774,78.60817,78.98551,79.63974,78.47635,78.92874,79.25672,79.55386,79.89577,80.30119,80.6111,80.94914
Middle income,,71.37112,71.37112,71.37112,71.37112,71.37112,71.37112,71.37112,71.37112,71.37112,71.37112,79.70074,79.70074,79.70074,79.70074,79.70074,79.70074,79.70074,79.70074,79.70074,79.70074,84.38868,84.38868,84.38868,84.38868,84.38868,84.38868,84.38868,84.38868,84.38868,84.38868,84.38868,84.38868,84.38868,84.38868
Moldova,MDA,97.0,97.0,97.0,97.0,97.0,97.0,97.0,97.0,97.0,97.0,97.0,97.0,97.0,97.0,97.0,97.0,97.0,97.0,97.0,97.0,97.0,97.0,97.0,97.0,99.0,99.24439,99.24439,99.24439,99.24439,99.24439,99.24439,99.6,99.6,99.6
Monaco,MCO,99.0,99.0,99.0,99.0,99.0,99.0,99.0,99.0,99.0,99.0,99.0,99.0,99.0,99.0,99.0,99.0,99.0,99.0,99.0,99.0,99.0,99.0,99.0,99.0,99.0,99.0,99.0,99.0,99.0,99.0,99.0,99.0,99.0,99.0
Mongolia,MNG,98.0,98.0,98.0,98.0,98.0,98.0,98.0,98.0,98.0,98.0,98.0,98.0,98.0,98.0,98.0,98.0,98.0,98.0,98.0,98.0,98.0,98.0,98.0,98.0,98.0,98.36764,98.36764,98.36764,96.89635,96.89635,99.0,99.0,99.0,99.0
Montenegro,MNE,93.0,93.0,93.0,93.0,93.0,93.0,93.0,93.0,93.0,93.0,93.0,93.0,93.0,98.0,98.0,98.0,98.0,98.0,98.0,98.0,98.0,98.0,98.0,98.0,98.0,98.71995,98.71995,98.71995,98.5344,98.5344,98.5344,98.98,98.98,98.98
Morocco,MAR,42.0,42.0,42.0,42.0,42.0,42.0,42.0,42.0,42.0,42.0,42.0,42.0,42.0,42.0,52.0,52.0,52.0,52.0,55.0,56.0,56.0,67.0,69.0,69.0,76.0,71.71055,71.71055,71.71055,71.71055,71.71055,71.71055,71.71055,77.35,77.35
Mozambique,MOZ,39.0,39.0,39.0,39.0,39.0,39.0,39.0,39.0,39.0,39.0,39.0,39.0,39.0,48.0,48.0,48.0,48.0,48.0,48.0,51.0,51.0,51.0,51.0,51.0,51.0,56.0,56.0,61.0,61.0,61.0,60.0,60.0,60.0,60.0
Myanmar,MMR,90.0,90.0,90.0,90.0,90.0,90.0,90.0,90.0,90.0,90.0,90.0,90.0,90.0,90.0,90.0,90.0,90.0,90.0,90.0,90.0,90.0,90.0,90.0,90.0,92.92316,93.09005,75.5512,75.5512,75.5512,89.0,89.0,89.0,89.0,89.0
Namibia,NAM,76.0,76.0,76.0,76.0,76.0,76.0,76.0,76.0,76.0,76.0,76.0,85.0,85.0,85.0,85.0,85.0,85.0,76.48659,76.48659,76.48659,76.48659,88.0,88.0,88.0,88.0,90.8205,90.8205,90.8205,90.8205,90.8205,90.8205,92.25,92.25,92.25
Nepal,NPL,33.0,33.0,33.0,33.0,33.0,33.0,33.0,33.0,33.0,33.0,33.0,49.0,49.0,49.0,49.0,49.0,49.0,49.0,49.0,49.0,49.0,60.0,60.0,60.0,60.0,64.66364,65.50101,65.50101,65.50101,68.7125,68.7125,71.15,71.15,71.15
Netherlands,NLD,99.0,99.0,99.0,99.0,99.0,99.0,99.0,99.0,99.0,99.0,99.0,99.0,99.0,99.0,99.0,99.0,99.0,99.0,99.0,99.0,99.0,99.0,99.0,99.0,99.0,99.0,99.0,99.0,99.0,99.0,99.0,99.0,99.0,99.0
New Caledonia,NCL,96.0,96.0,96.0,96.0,96.0,96.0,96.0,96.0,96.0,96.0,96.0,96.0,96.0,96.0,96.0,96.0,97.3,97.3,97.3,97.3,97.3,97.3,97.3,97.3,96.80667,96.93782,96.93782,96.93782,96.93782,96.93782,96.93782,96.93782,96.93782,96.93782
New Zealand,NZL,99.0,99.0,99.0,99.0,99.0,99.0,99.0,99.0,99.0,99.0,99.0,99.0,99.0,99.0,99.0,99.0,99.0,99.0,99.0,99.0,99.0,99.0,99.0,99.0,99.0,99.0,99.0,99.0,99.0,99.0,99.0,99.0,99.0,99.0
Nicaragua,NIC,65.0,65.0,65.0,66.0,66.0,67.0,67.0,67.0,68.0,68.0,66.0,77.0,77.0,77.0,77.0,78.0,78.0,78.0,78.0,78.0,78.0,78.0,78.0,78.0,78.0,82.61455,82.61455,82.61455,82.61455,82.61455,82.61455,82.61455,82.61455,82.61455
Niger,NER,14.0,14.0,14.0,14.0,14.0,14.0,14.0,14.0,14.0,14.0,14.0,14.0,14.0,14.0,14.0,29.0,29.0,29.0,29.0,29.0,29.0,29.0,31.0,31.0,31.0,19.1026,19.1026,19.1026,19.1026,19.1026,19.1026,19.1026,38.1,38.1
Nigeria,NGA,55.0,55.0,55.0,55.0,55.0,55.0,55.0,55.0,55.0,55.0,55.0,55.0,55.0,55.0,55.0,55.0,70.0,70.0,51.07766,51.07766,51.07766,51.07766,51.07766,51.07766,51.07766,59.56808,58.22134,58.22134,62.01601,62.01601,62.01601,63.15554,63.15554,63.15554
Niue,NIU,95.0,95.0,95.0,95.0,95.0,95.0,95.0,95.0,95.0,95.0,95.0,95.0,95.0,95.0,95.0,95.0,95.0,95.0,95.0,95.0,95.0,95.0,95.0,95.0,95.0,95.0,95.0,95.0,95.0,95.0,95.0,95.0,95.0,95.0
North America (WB),,98.61992,98.61992,98.61992,98.61992,98.61992,98.61992,98.61992,98.61992,98.61992,98.61992,98.61992,98.61992,98.61992,98.61992,98.63156,98.64237,98.65695,98.66643,98.68658,98.68658,98.68658,98.68658,98.68658,98.68658,98.68658,98.68658,98.68658,98.75348,98.75979,98.76517,98.77029,98.77717,98.77941,98.77941
North Korea,PRK,100.0,100.0,100.0,100.0,100.0,100.0,100.0,100.0,100.0,100.0,100.0,100.0,100.0,100.0,100.0,100.0,100.0,100.0,100.0,100.0,100.0,100.0,100.0,100.0,100.0,99.99924,99.99924,99.99924,99.99819,99.99819,99.99819,99.99819,99.99819,99.99819
North Macedonia,MKD,94.0,94.0,94.0,94.0,94.0,94.0,94.0,94.0,94.0,94.0,94.0,94.0,96.0,96.0,96.0,96.0,96.0,96.0,96.0,96.0,96.0,96.0,97.6,97.6,97.75175,97.84376,97.84376,97.84376,97.84376,97.84376,97.84376,97.84376,97.84376,97.84376
Norway,NOR,100.0,100.0,100.0,100.0,100.0,100.0,100.0,100.0,100.0,100.0,100.0,100.0,100.0,100.0,100.0,100.0,100.0,100.0,100.0,100.0,100.0,100.0,100.0,100.0,100.0,100.0,100.0,100.0,100.0,100.0,100.0,100.0,100.0,100.0
Oman,OMN,81.0,81.0,81.0,81.0,81.0,81.0,81.0,81.0,81.0,81.0,81.0,81.0,81.0,81.0,81.0,81.0,81.0,81.0,87.0,87.0,87.0,87.0,87.0,87.0,91.9812,93.0,93.0,96.0,96.0,96.0,96.0,96.0,97.0,97.0
Other small states,,73.33838,73.33838,73.33838,73.33838,73.33838,73.33838,73.33838,73.33838,73.33838,73.33838,78.839775,78.839775,78.839775,78.839775,78.839775,78.839775,78.839775,78.839775,78.839775,78.839775,83.64996,83.64996,83.64996,83.64996,83.64996,83.64996,83.64996,83.64996,83.64996,83.64996,83.64996,83.64996,83.64996,83.64996
Pacific island small states,,86.692055,86.692055,86.692055,86.692055,86.692055,86.692055,86.692055,86.692055,86.692055,86.692055,86.692055,86.692055,86.692055,86.692055,86.692055,86.692055,86.692055,86.692055,86.692055,86.692055,86.692055,86.692055,86.692055,86.692055,86.692055,86.692055,86.692055,86.692055,86.692055,86.692055,86.692055,86.692055,86.692055,86.692055
Pakistan,PAK,43.0,43.0,43.0,43.0,43.0,43.0,43.0,43.0,43.0,43.0,43.0,43.0,43.0,43.0,43.0,50.0,54.0,52.0,56.0,55.0,55.0,55.0,57.0,56.0,57.0,56.44031,56.44031,59.0,57.0,58.0,58.0,58.0,58.0,58.0
Palau,PLW,94.4333,94.4333,94.4333,94.4333,94.4333,94.4333,94.4333,94.4333,94.4333,94.4333,94.4333,94.4333,94.4333,94.4333,96.9898,96.9898,96.9898,96.9898,96.9898,96.9898,96.9898,96.9898,96.9898,100.0,100.0,97.0,97.0,97.0,97.0,97.0,97.0,97.0,97.0,97.0
Palestine,PSE,86.0,86.0,86.0,86.0,86.0,86.0,86.0,86.0,86.0,86.0,86.0,86.0,86.0,86.0,92.0,92.0,93.0,94.0,94.0,94.0,95.0,95.0,96.0,96.0,96.0,96.0,97.0,97.0,97.0,97.0,98.0,98.0,98.0,98.0
Panama,PAN,89.0,89.0,89.0,89.0,89.0,89.0,89.0,89.0,89.0,89.0,92.0,92.0,92.0,92.0,92.0,92.0,92.0,92.0,92.0,92.0,94.0,94.0,94.0,94.0,94.0,95.03823,95.03823,95.03823,95.0,96.0,96.0,96.0,96.0,96.0
Papua New Guinea,PNG,57.0,57.0,57.0,57.0,57.0,57.0,57.0,57.0,57.0,57.0,57.0,57.0,57.0,57.0,57.0,57.0,57.0,57.0,57.0,57.0,61.6,61.6,61.6,61.6,63.09609,63.43349,63.43349,70.06368,70.06368,70.06368,70.06368,70.06368,70.06368,70.06368
Paraguay,PRY,90.0,90.0,90.0,90.0,90.0,90.0,90.0,90.0,90.0,90.0,90.0,90.0,90.0,90.0,90.0,90.0,90.0,95.0,93.0,94.0,94.0,94.0,94.0,95.0,95.0,96.0,95.0,95.0,94.0,93.0,95.0,95.0,95.0,95.0
Peru,PER,87.0,87.0,87.0,87.0,87.0,87.0,87.0,87.0,87.0,87.0,87.0,87.0,87.0,87.0,88.0,88.0,89.0,90.0,90.0,90.0,90.0,90.0,94.0,94.0,94.0,94.0,94.0,94.0,94.0,94.0,94.0,94.0,94.0,94.0
Philippines,PHL,94.0,94.0,94.0,94.0,94.0,94.0,94.0,94.0,94.0,94.0,93.0,93.0,93.0,93.0,93.0,93.0,93.0,93.0,95.0,95.0,95.0,95.0,95.0,96.0,96.0,98.0,98.0,98.0,98.0,96.0,98.0,98.0,98.0,98.0
Poland,POL,99.40237,99.40237,99.40237,99.40237,99.40237,99.40237,99.40237,99.40237,99.40237,99.40237,99.40237,99.40237,99.40237,99.40237,99.61794,99.61794,99.61794,99.61794,99.61794,99.61794,99.61794,99.61794,99.61794,99.61794,99.77411,99.78742,99.78742,99.78742,99.78742,99.78742,99.78742,99.8,99.8,99.8
Portugal,PRT,88.0,88.0,88.0,88.0,88.0,88.0,88.0,88.0,88.0,88.0,88.0,88.0,88.0,88.0,88.0,88.0,88.0,88.0,88.0,88.0,88.0,94.0,94.0,94.0,94.0,95.42811,95.42811,95.42811,95.42811,95.42811,95.42811,96.78,96.78,96.78
Pre-demographic dividend,,51.186974,51.186974,51.186974,51.186974,51.186974,51.186974,51.186974,51.186974,51.186974,51.186974,55.785202,55.785202,55.785202,55.785202,55.785202,55.785202,55.785202,55.785202,55.785202,55.785202,58.624794,58.624794,58.624794,58.624794,58.624794,58.624794,58.624794,58.624794,58.624794,58.624794,58.624794,58.624794,58.624794,58.624794
Puerto Rico,PRI,90.0,90.0,90.0,90.0,90.0,90.0,90.0,90.0,90.0,90.0,90.0,90.0,90.0,90.0,90.52934,90.52934,90.52934,90.52934,90.52934,90.52934,92.0,92.0,92.0,92.0,92.0,93.32942,93.32942,92.0,92.0,92.0,92.0,92.4,92.4,92.4
Qatar,QAT,83.0,83.0,83.0,83.0,83.0,83.0,83.0,83.0,83.0,83.0,83.0,83.0,83.0,83.0,89.0,89.0,89.0,93.0,94.0,95.0,96.0,96.0,97.0,97.0,98.0,97.75709,97.75709,97.75709,97.75709,97.75709,97.75709,97.75709,97.75709,97.75709
Romania,ROU,97.0,97.0,97.0,97.0,97.0,97.0,97.0,97.0,97.0,97.0,97.0,97.0,97.0,97.0,97.0,97.0,97.0,97.0,97.0,97.0,97.0,99.0,99.0,99.0,99.0,98.75703,98.75703,98.75703,98.75703,98.75703,98.75703,99.0,99.0,99.0
Russia,RUS,99.0,99.0,99.0,99.0,99.0,99.0,99.0,99.0,99.0,99.0,99.0,99.0,99.0,99.0,99.0,99.0,99.0,99.0,99.0,99.0,100.0,100.0,100.0,100.0,100.0,99.71957,99.71957,99.71957,99.71957,99.71957,99.71957,100.0,100.0,100.0
Rwanda,RWA,58.0,58.0,58.0,58.0,58.0,58.0,58.0,58.0,58.0,58.0,65.0,65.0,65.0,65.0,65.0,65.0,65.0,65.0,65.0,65.0,65.85227,65.85227,68.0,68.0,71.0,71.2435,71.2435,71.2435,73.0,73.0,80.05086,80.05086,79.0,79.0
Saint Kitts and Nevis,KNA,97.8,97.8,97.8,97.8,97.8,97.8,97.8,97.8,97.8,97.8,97.8,97.8,97.8,97.8,97.8,97.8,97.8,97.8,97.8,97.8,97.8,97.8,97.8,97.8,97.8,97.8,97.8,97.8,97.8,97.8,97.8,97.8,97.8,97.8
Saint Lucia,LCA,90.1,90.1,90.1,90.1,90.1,90.1,90.1,90.1,90.1,90.1,90.1,90.1,90.1,90.1,90.1,90.1,90.1,90.1,90.1,90.1,90.1,90.1,90.1,90.1,90.1,90.1,90.1,90.1,90.1,90.1,90.1,90.1,90.1,90.1
Samoa,WSM,98.0,98.0,98.0,98.0,98.0,98.0,98.0,98.0,98.0,98.0,98.0,98.0,98.0,98.0,98.54048,98.54048,98.54048,98.54048,98.54048,98.54048,98.54048,99.0,99.0,99.0,99.0,99.01501,99.01501,99.01501,99.01501,97.99026,97.99026,99.1,99.1,99.1
San Marino,SMR,96.0,96.0,96.0,96.0,96.0,96.0,96.0,96.0,96.0,96.0,96.0,96.0,96.0,96.0,96.0,96.0,96.0,96.0,96.0,96.0,96.0,96.0,96.0,96.0,96.0,96.0,96.0,96.0,96.0,96.0,96.0,96.0,100.0,100.0
Sao Tome and Principe,STP,73.0,73.0,73.0,73.0,73.0,73.0,73.0,73.0,73.0,73.0,73.0,85.0,85.0,85.0,85.0,85.0,85.0,85.0,69.53639,69.53639,69.53639,69.53639,90.0,90.0,90.0,91.74711,91.74711,91.74711,91.74711,87.43846,87.43846,87.43846,93.75,93.75
Saudi Arabia,SAU,71.0,71.0,71.0,71.0,71.0,71.0,71.0,71.0,71.0,71.0,79.0,79.0,79.0,79.0,83.0,83.0,83.0,83.0,83.0,83.0,83.0,83.0,83.0,94.0,94.0,94.84237,94.84237,95.0,95.0,95.0,98.0,98.0,98.0,98.0
Senegal,SEN,39.0,39.0,39.0,39.0,39.0,39.0,39.0,39.0,39.0,39.0,39.0,39.0,39.0,39.0,39.0,39.0,42.0,42.0,42.0,48.0,48.0,52.0,52.0,44.0,44.0,43.59273,46.09964,52.0,46.60591,46.83367,46.83367,46.83367,57.67,57.67
Serbia,SRB,96.0,96.0,96.0,96.0,96.0,96.0,96.0,96.0,96.0,96.0,96.0,96.0,96.0,96.0,96.0,96.0,96.0,96.0,96.0,96.0,96.0,98.0,98.0,98.0,98.0,98.00289,99.0,99.0,99.0,99.0,99.0,99.0,99.0,99.0
Seychelles,SYC,88.0,88.0,88.0,88.0,88.0,88.0,88.0,88.0,88.0,88.0,88.0,88.0,92.0,92.0,92.0,92.0,92.0,92.0,92.0,92.0,94.0,94.0,94.0,94.0,94.0,95.32108,95.32108,95.32108,95.32108,95.32108,96.2,96.2,96.2,96.2
Sierra Leone,SLE,35.0,35.0,35.0,35.0,35.0,35.0,35.0,35.0,35.0,35.0,35.0,35.0,35.0,35.0,35.0,35.0,35.0,35.0,35.0,35.0,35.0,35.0,35.0,32.42617,47.18624,48.4319,48.4319,44.83318,44.83318,43.57778,43.57778,43.57778,48.64,48.64
Singapore,SGP,89.0,89.0,89.0,89.0,89.0,89.0,89.0,89.0,89.0,89.0,93.0,93.0,93.0,93.0,93.0,93.0,93.0,93.0,93.0,93.0,96.0,96.0,96.0,97.0,97.0,97.0,97.0,97.0,97.0,97.0,97.0,98.0,98.0,98.0
Slovakia,SVK,99.6,99.6,99.6,99.6,99.6,99.6,99.6,99.6,99.6,99.6,99.6,99.6,99.6,99.6,99.6,99.6,99.6,99.6,99.6,99.6,99.6,99.6,99.6,99.6,99.6,99.6,99.6,99.6,99.6,99.6,99.6,99.6,99.6,99.6
Slovenia,SVN,100.0,100.0,100.0,100.0,100.0,100.0,100.0,100.0,100.0,100.0,100.0,99.6,99.6,99.6,99.65179,99.65179,99.65179,99.65179,99.65179,99.65179,99.65179,99.65179,99.65179,99.65179,99.71005,99.71476,99.71476,99.71476,99.71476,99.71476,99.71476,99.71476,99.71476,99.71476
Small states,,77.28492,77.28492,77.28492,77.28492,77.28492,77.28492,77.28492,77.28492,77.28492,77.28492,81.47796,81.47796,81.47796,81.47796,81.47796,81.47796,81.47796,81.47796,81.47796,81.47796,85.654785,85.654785,85.654785,85.654785,85.654785,85.654785,85.654785,85.654785,85.654785,85.654785,85.654785,85.654785,85.654785,85.654785
Solomon Islands,SLB,77.0,77.0,77.0,77.0,77.0,77.0,77.0,77.0,77.0,77.0,77.0,77.0,77.0,77.0,77.0,77.0,77.0,77.0,77.0,77.0,77.0,84.1,84.1,84.1,84.1,84.1,84.1,84.1,84.1,84.1,84.1,84.1,84.1,84.1
Somalia,SOM,37.8,37.8,37.8,37.8,37.8,37.8,37.8,37.8,37.8,37.8,37.8,37.8,37.8,37.8,37.8,37.8,37.8,37.8,37.8,37.8,37.8,37.8,37.8,37.8,37.8,37.8,37.8,37.8,37.8,37.8,37.8,37.8,54.0,54.0
South Africa,ZAF,82.0,82.0,82.0,82.0,82.0,82.0,82.0,82.0,82.0,82.0,82.0,82.0,82.0,82.0,82.0,82.0,82.0,89.0,89.0,93.0,93.0,93.0,94.0,94.0,94.0,94.0,91.73724,87.0,87.0,95.0,95.0,90.0,90.0,90.0
South Asia,,46.487602,46.487602,46.487602,46.487602,46.487602,46.487602,46.487602,46.487602,46.487602,46.487602,58.08542,58.08542,58.08542,58.08542,58.08542,58.08542,58.08542,58.08542,58.08542,58.08542,66.69118,66.69118,66.69118,66.69118,66.69118,66.69118,66.69118,66.69118,66.69118,66.69118,66.69118,66.69118,66.69118,66.69118
South Asia (IDA & IBRD),,46.487602,46.487602,46.487602,46.487602,46.487602,46.487602,46.487602,46.487602,46.487602,46.487602,58.08542,58.08542,58.08542,58.08542,58.08542,58.08542,58.08542,58.08542,58.08542,58.08542,66.69118,66.69118,66.69118,66.69118,66.69118,66.69118,66.69118,66.69118,66.69118,66.69118,66.69118,66.69118,66.69118,66.69118
South Asia (WB),,45.35921,46.08564,47.08633,48.08146,48.84938,49.64049,50.4492,51.26017,56.07956,56.87631,57.65058,58.41306,59.20313,60.09578,60.87617,60.67367,60.84876,61.68392,62.5963,63.45801,66.02896,66.62986,66.67659,67.70576,68.45516,69.78215,71.10578,71.66783,72.19206,71.96603,72.68319,73.47901,74.26527,75.00885
South Korea,KOR,98.0,98.0,98.0,98.0,98.0,98.0,98.0,98.0,98.0,98.0,98.0,98.0,98.0,98.0,98.0,98.0,98.0,98.0,98.0,98.0,98.0,98.0,98.0,98.0,98.0,98.0,98.0,98.0,98.8,98.8,98.8,98.8,98.8,98.8
South Sudan,SSD,27.0,27.0,27.0,27.0,27.0,27.0,27.0,27.0,27.0,27.0,27.0,27.0,27.0,27.0,27.0,27.0,27.0,27.0,27.0,27.0,27.0,27.0,27.0,27.0,27.0,31.97625,31.97625,31.97625,34.52276,34.52276,34.52276,34.52276,34.52276,34.52276
Southern and Eastern Africa (WB),,58.14876,58.1818,58.46995,58.9126,59.3459,59.92194,60.44986,61.19146,61.40491,62.26571,62.7701,63.25819,63.95227,64.44235,64.67675,64.13368,62.17928,63.13408,63.36718,64.0625,64.81,66.87128,68.54787,69.38086,70.03531,70.44709,71.10517,71.02998,71.4954,72.65866,72.85576,72.63891,72.98156,73.27511
Spain,ESP,96.0,96.0,96.0,96.0,96.0,96.0,96.0,96.0,96.0,96.0,96.0,96.0,96.0,96.0,97.0,98.0,98.0,98.0,98.0,98.0,98.0,98.0,98.0,98.0,98.0,98.0,98.0,98.0,98.0,98.0,99.0,99.0,99.0,99.0
Sri Lanka,LKA,91.0,91.0,91.0,91.0,91.0,91.0,91.0,91.0,91.0,91.0,91.0,91.0,91.0,91.0,91.0,91.0,91.0,91.0,91.0,91.0,91.0,91.0,91.0,91.0,91.0,92.61417,92.0,92.0,92.0,92.0,92.0,92.0,92.0,92.0
Sub-Saharan Africa,,56.981934,56.981934,56.981934,56.981934,56.981934,56.981934,56.981934,56.981934,56.981934,56.981934,56.981934,56.981934,56.981934,56.981934,56.981934,56.981934,56.981934,56.981934,56.981934,56.981934,60.880547,60.880547,60.880547,60.880547,60.880547,60.880547,60.880547,60.880547,60.880547,60.880547,60.880547,60.880547,60.880547,60.880547
Sub-Saharan Africa (IDA & IBRD),,52.53158,52.53158,52.53158,52.53158,52.53158,52.53158,52.53158,52.53158,52.53158,52.53158,56.981934,56.981934,56.981934,56.981934,56.981934,56.981934,56.981934,56.981934,56.981934,56.981934,60.880547,60.880547,60.880547,60.880547,60.880547,60.880547,60.880547,60.880547,60.880547,60.880547,60.880547,60.880547,60.880547,60.880547
Sub-Saharan Africa (WB),,52.30686,52.65164,53.12544,53.7068,54.30921,54.72155,55.37812,56.21824,56.89161,57.74526,56.62755,57.40014,58.11591,58.6459,59.33332,59.05679,58.16811,57.96338,58.28565,58.75711,59.43254,60.91714,62.14601,62.99641,63.68724,64.28751,64.87826,65.2303,66.81657,67.44165,67.62379,67.61568,67.93573,68.19624
Sub-Saharan Africa (excluding high income),,56.976406,56.976406,56.976406,56.976406,56.976406,56.976406,56.976406,56.976406,56.976406,56.976406,56.976406,56.976406,56.976406,56.976406,56.976406,56.976406,56.976406,56.976406,56.976406,56.976406,60.875755,60.875755,60.875755,60.875755,60.875755,60.875755,60.875755,60.875755,60.875755,60.875755,60.875755,60.875755,60.875755,60.875755
Sudan,SDN,61.0,61.0,61.0,61.0,61.0,61.0,61.0,61.0,61.0,61.0,61.0,61.0,61.0,61.0,61.0,61.0,61.0,61.0,54.0,54.0,54.0,54.0,54.0,54.0,54.0,58.60132,58.60132,58.60132,60.69718,60.69718,60.69718,60.69718,60.69718,60.69718
Suriname,SUR,90.0,90.0,90.0,90.0,90.0,90.0,90.0,90.0,90.0,90.0,90.0,90.0,90.0,90.0,90.0,90.0,90.0,90.0,95.0,95.0,95.0,95.0,93.0,93.0,93.0,95.53899,95.53899,95.53899,95.53899,95.53899,95.53899,95.0,95.0,95.0
Sweden,SWE,99.0,99.0,99.0,99.0,99.0,99.0,99.0,99.0,99.0,99.0,99.0,99.0,99.0,99.0,99.0,99.0,99.0,99.0,99.0,99.0,99.0,99.0,99.0,99.0,99.0,99.0,99.0,99.0,99.0,99.0,99.0,99.0,99.0,99.0
Switzerland,CHE,99.0,99.0,99.0,99.0,99.0,99.0,99.0,99.0,99.0,99.0,99.0,99.0,99.0,99.0,99.0,99.0,99.0,99.0,99.0,99.0,99.0,99.0,99.0,99.0,99.0,99.0,99.0,99.0,99.0,99.0,99.0,99.0,99.0,99.0
Syria,SYR,83.0,83.0,83.0,83.0,83.0,83.0,83.0,83.0,83.0,83.0,83.0,83.0,83.0,83.0,81.0,81.0,81.0,81.0,81.0,81.0,81.0,81.0,81.0,81.0,86.3,86.30393,86.30393,86.30393,86.30393,86.30393,86.30393,94.0,94.0,94.0
Taiwan,TWN,96.1,96.1,96.1,96.1,96.1,96.1,96.1,96.1,96.1,96.1,96.1,96.1,96.1,96.1,96.1,96.1,96.1,96.1,96.1,96.1,96.1,96.1,96.1,96.1,96.1,96.1,96.1,96.1,96.1,96.1,96.1,96.1,96.1,96.1
Tajikistan,TJK,99.0,99.0,99.0,99.0,99.0,99.0,99.0,99.0,99.0,99.0,99.0,99.0,99.0,99.0,99.0,99.0,99.0,99.0,99.0,99.0,99.7,99.7,99.7,99.7,99.76841,99.78105,99.78105,99.78105,99.78105,99.78105,99.78105,99.78105,99.78105,99.78105
Tanzania,TZA,69.0,69.0,69.0,69.0,69.0,69.0,69.0,69.0,69.0,69.0,69.0,69.0,69.0,69.0,69.0,69.0,69.0,69.0,69.0,69.0,67.8007,67.8007,78.0,78.0,78.0,78.0,78.0,78.0,78.0,78.0,78.0,78.0,82.02,82.02
Thailand,THA,93.0,93.0,93.0,93.0,93.0,93.0,93.0,93.0,93.0,93.0,93.0,93.0,93.0,93.0,93.0,94.0,94.0,94.0,94.0,94.0,96.0,96.0,96.0,94.0,94.0,93.0,91.9814,91.9814,94.0,91.26915,91.26915,94.1,91.09987,91.09987
Togo,TGO,53.0,53.0,53.0,53.0,53.0,53.0,53.0,53.0,53.0,53.0,53.0,53.0,53.0,53.0,53.0,53.0,57.0,57.0,57.0,57.0,57.0,60.0,60.0,60.0,60.0,64.0,64.0,64.0,64.0,67.0,67.0,67.0,67.0,67.0
Tonga,TON,99.0,99.0,99.0,99.0,99.0,99.0,99.0,99.0,99.0,99.0,99.0,99.0,99.0,99.0,99.0,99.0,99.0,99.0,99.0,99.0,99.0,99.0,99.0,99.0,99.0,99.39786,99.39786,99.39786,99.39786,91.05162,91.05162,99.4,99.4,99.4
Trinidad and Tobago,TTO,97.0,97.0,97.0,97.0,97.0,97.0,97.0,97.0,97.0,97.0,97.9,97.9,97.9,97.9,98.28851,98.28851,98.28851,98.28851,98.28851,98.28851,98.28851,98.28851,98.28851,98.28851,98.91949,98.96958,98.96958,98.96958,98.96958,98.96958,98.96958,98.96958,98.96958,98.96958
Tunisia,TUN,59.06181,59.06181,59.06181,59.06181,59.06181,59.06181,59.06181,59.06181,59.06181,59.06181,59.06181,59.06181,59.06181,59.06181,74.0,74.0,74.0,77.0,78.0,78.0,79.0,80.0,80.0,80.0,79.0,81.05419,81.05419,81.05419,79.47511,81.0,81.0,81.0,85.21493,85.21493
Turkey,TUR,79.0,79.0,79.0,79.0,79.0,79.0,79.0,79.0,79.0,79.0,79.0,79.0,79.0,79.0,87.0,88.0,88.0,89.0,89.0,91.0,93.0,94.0,95.0,95.0,95.0,96.0,96.0,96.0,96.0,97.0,97.0,97.0,97.0,97.0
Turkmenistan,TKM,99.0,99.0,99.0,99.0,99.0,99.0,99.0,99.0,99.0,99.0,99.0,99.0,99.0,99.0,99.0,99.4,99.4,99.4,99.4,99.4,99.4,99.4,99.4,99.4,99.67285,99.69293,99.69293,99.69293,99.69293,99.69293,99.69293,99.69293,99.69293,99.69293
Uganda,UGA,56.0,56.0,56.0,56.0,56.0,56.0,56.0,56.0,56.0,56.0,56.0,56.0,68.0,68.0,68.0,68.0,71.0,71.0,71.0,71.0,73.0,73.0,70.0,70.0,70.0,73.80984,69.10132,69.10132,69.10132,69.10132,69.10132,69.10132,80.59,80.59
Ukraine,UKR,99.0,99.0,99.0,99.0,99.0,99.0,99.0,99.0,99.0,99.0,99.0,99.0,99.0,99.0,99.0,99.0,99.0,99.0,99.0,99.0,99.0,99.0,99.97435,99.97435,99.75347,99.76411,99.76411,99.76411,99.76411,99.76411,99.76411,100.0,100.0,100.0
United Arab Emirates,ARE,90.0,90.0,90.0,90.0,90.0,90.0,90.0,90.0,90.0,90.0,90.0,90.0,90.0,90.0,90.0,90.0,90.0,90.0,90.0,90.0,90.0,90.0,90.0,90.0,90.0,92.98637,92.98637,92.98637,92.98637,98.0,98.0,98.0,98.0,98.0
United Kingdom,GBR,99.0,99.0,99.0,99.0,99.0,99.0,99.0,99.0,99.0,99.0,99.0,99.0,99.0,99.0,99.0,99.0,99.0,99.0,99.0,99.0,99.0,99.0,99.0,99.0,99.0,99.0,99.0,99.0,99.0,99.0,99.0,99.0,99.0,99.0
United States,USA,99.0,99.0,99.0,99.0,99.0,99.0,99.0,99.0,99.0,99.0,99.0,99.0,99.0,99.0,99.0,99.0,99.0,99.0,99.0,99.0,99.0,99.0,99.0,99.0,99.0,99.0,99.0,99.0,99.0,99.0,99.0,99.0,99.0,99.0
Upper middle income,,81.91885,81.91885,81.91885,81.91885,81.91885,81.91885,81.91885,81.91885,81.91885,81.91885,90.65731,90.65731,90.65731,90.65731,90.65731,90.65731,90.65731,90.65731,90.65731,90.65731,94.26899,94.26899,94.26899,94.26899,94.26899,94.26899,94.26899,94.26899,94.26899,94.26899,94.26899,94.26899,94.26899,94.26899
Upper-middle-income countries,,81.04114,81.58651,82.15758,82.6979,83.23142,83.80124,84.31269,88.7168,89.1177,89.47645,89.87667,90.19642,90.54139,90.98183,91.3237,91.58416,91.86817,92.87729,93.30886,93.40503,93.60919,93.75011,93.99739,94.06516,94.41684,94.53935,94.76116,94.77168,94.92602,95.21391,95.32048,95.35308,95.49537,95.61952
Uruguay,URY,97.0,97.0,97.0,97.0,97.0,97.0,97.0,97.0,97.0,97.0,97.0,97.0,97.0,97.0,97.0,97.0,98.0,98.0,98.0,98.0,98.0,98.0,98.0,98.0,98.0,99.0,99.0,99.0,99.0,99.0,99.0,99.0,99.0,99.0
Uzbekistan,UZB,99.0,99.0,99.0,99.0,99.0,99.0,99.0,99.0,99.0,99.0,99.0,99.0,99.0,99.0,99.0,99.0,99.0,99.0,99.0,99.0,99.0,99.0,99.0,100.0,100.0,100.0,100.0,100.0,100.0,100.0,100.0,100.0,100.0,100.0
Vanuatu,VUT,68.7,68.7,68.7,68.7,68.7,68.7,68.7,68.7,68.7,74.0,74.0,74.0,74.0,74.0,78.4,78.4,78.4,78.4,78.4,78.4,78.4,78.4,78.4,78.4,84.7,85.05868,85.05868,85.05868,85.05868,85.05868,85.05868,89.1,89.1,89.1
Vatican,VAT,100.0,100.0,100.0,100.0,100.0,100.0,100.0,100.0,100.0,100.0,100.0,100.0,100.0,100.0,100.0,100.0,100.0,100.0,100.0,100.0,100.0,100.0,100.0,100.0,100.0,100.0,100.0,100.0,100.0,100.0,100.0,100.0,100.0,100.0
Venezuela,VEN,90.0,90.0,90.0,90.0,90.0,90.0,90.0,90.0,90.0,90.0,90.0,93.0,93.0,93.0,93.0,93.0,93.0,95.0,95.0,96.0,96.0,95.0,95.0,95.0,95.0,97.0,97.0,97.0,97.0,97.0,97.0,97.0,97.6,97.6
Vietnam,VNM,90.0,90.0,90.0,90.0,90.0,90.0,90.0,90.0,90.0,90.0,90.0,90.0,90.0,90.0,90.0,90.0,90.0,90.0,90.0,94.0,94.0,94.0,94.0,94.0,94.0,94.51427,94.51427,94.51427,94.51427,96.0,96.0,96.0,96.0,96.0
Virgin Islands,,90.0,90.0,90.0,90.0,90.0,90.0,90.0,90.0,90.0,90.0,90.0,90.0,90.0,90.0,90.0,90.0,90.0,90.0,90.0,90.0,90.0,90.0,90.0,90.0,90.0,90.0,90.0,90.0,90.0,90.0,90.0,90.0,90.0,90.0
Western and Central Africa (WB),,43.57052,44.36271,45.13663,45.95827,46.83009,47.00222,47.86489,48.86634,50.23897,51.08981,47.57738,48.76512,49.49761,50.07911,51.42786,51.54042,52.22362,50.2877,50.72984,50.85757,51.41708,52.02649,52.57311,53.42175,54.14114,55.00662,55.46578,56.4722,59.74735,59.55367,59.70324,60.00732,60.29085,60.50555
World,OWID_WRL,74.90692,75.28641,75.69422,76.10236,76.50139,76.91177,77.29624,79.28838,80.46865,80.80594,80.97918,81.28596,81.64014,82.11424,82.44724,82.45471,82.42525,83.0118,83.38551,83.60867,84.22716,84.41078,84.60138,84.9031,85.28639,85.67888,86.00011,86.177,86.43748,86.54791,86.74745,86.92751,87.15533,87.356
Yemen,YEM,37.0,37.0,37.0,37.0,37.0,37.0,37.0,37.0,37.0,37.0,37.0,37.0,37.0,37.0,54.1,54.1,54.1,54.1,54.1,54.1,54.1,54.1,54.1,54.1,68.78942,69.96195,69.96195,69.96195,69.96195,69.96195,69.96195,69.96195,69.96195,69.96195
Zambia,ZMB,65.0,65.0,65.0,65.0,65.0,65.0,65.0,65.0,65.0,68.0,68.0,68.0,69.0,69.0,69.0,69.0,69.0,61.12709,61.12709,61.12709,83.0,83.0,83.0,83.0,83.0,85.11726,85.11726,85.11726,71.1323,71.1323,87.5,87.5,87.5,87.5
Zimbabwe,ZWE,84.0,84.0,84.0,84.0,84.0,84.0,84.0,84.0,84.0,84.0,84.0,84.0,84.0,84.0,84.0,84.0,84.0,84.0,84.0,84.0,84.0,83.58271,83.58271,83.58271,88.69342,86.87348,86.87348,86.87348,86.87348,93.22755,93.22755,93.22755,89.85,89.85
