Country,1990,1991,1992,1993,1994,1995,1996,1997,1998,1999,2000,2001,2002,2003,2004,2005,2006,2007,2008,2009,2010,2011,2012,2013,2014,2015,2016,2017,2018,2019,2020,2021,2022
Afghanistan,86.73788856,79.66656647,72.83260405,66.09165291,59.74762479,53.96555222,48.93087362,44.35889506,43.67916003,37.31282051,34.65534021,32.40558118,30.5098388,29.01903176,27.95233093,27.40676287,27.42825222,27.94419978,28.83067445,30.00154671,31.34500684,32.66911118,34.09811934,35.7060454,37.42074848,39.14465992,40.56158447,41.51283419,42.25042696,42.95432115,43.66429352,44.55466434,45.38193393
Albania,14.30155235,14.48356262,14.60456445,14.59746447,14.49610585,14.4039603,14.34861213,17.32106748,13.86425436,13.30770924,12.59462418,11.8001117,11.07075407,10.48567333,10.04683554,9.714457129,9.456090433,9.247262775,9.066343915,8.880469034,8.680360474,8.430261199,8.120795805,7.746356529,7.329461935,6.910798509,6.52089028,6.182847326,5.907072863,5.690909307,5.515814371,5.376167022,5.252144249
Algeria,20.20888181,19.91472294,19.63018628,19.32365186,18.97614874,18.55851046,18.05856421,17.47203788,16.81209229,16.10298348,15.37156249,14.63096886,13.88398311,13.79839297,12.56668177,12.06810124,11.66754394,11.34344938,11.070405,10.81946336,10.58560103,10.40099773,10.29592463,10.23753009,10.16196754,10.02742406,9.839100701,9.604716189,9.322065161,8.982224738,8.604673947,8.241612517,7.953159669
Andorra,11.72315292,11.24944714,10.78902019,10.39103053,10.02888388,9.654922932,9.310798822,8.973684562,8.647435228,8.355499246,8.051332529,7.782766488,7.508353558,7.266202556,7.014361093,6.769000862,6.544982533,6.32150435,6.106600103,5.877222116,5.683001791,5.482841833,5.278348433,5.089379907,4.920988064,4.741889698,4.586083064,4.443477565,4.319561342,4.198529171,4.091002286,3.989211794,3.895986506
Angola,116.8543282,109.2938167,116.914515,109.0609674,108.7841163,108.4344717,107.7151459,106.6945234,105.3343876,103.6687586,101.7477482,99.51516549,96.83838985,93.86838818,90.54687447,87.0003699,83.22249812,79.43481916,75.65688924,71.92114116,68.46401022,64.98250756,61.80452866,58.99857623,56.5543525,54.42674746,52.61991207,50.92958619,49.40928779,47.99782813,46.71350978,45.55197237,44.44918403
Anguilla,14.44114427,14.02833535,13.63527264,13.26399629,12.91166668,12.56814953,12.25439826,11.97020642,11.68684532,11.42895441,11.16834439,10.94307094,10.72865484,10.51568467,10.32169904,10.12719516,9.953241933,9.786992165,9.621017224,9.453657602,9.295900875,9.136282829,8.992881031,8.863269412,8.739890529,8.601269315,8.454334996,8.297394982,8.148487661,8.002564559,7.848787067,7.708182619,7.572938056
Antigua and Barbuda,19.49849202,18.16184085,17.05124873,16.1615605,15.43671366,14.83428468,14.29510546,13.82281017,13.40013507,13.02221746,12.65909001,12.31440749,11.99495729,11.70268176,11.46625443,11.27037571,11.08168143,10.90449011,10.73109593,10.53245195,10.31817966,10.07247369,9.816266267,9.545319288,9.264762145,8.977830186,8.691987287,8.39963443,8.11464744,7.84255584,7.596746389,7.398197631,7.262494386
Argentina,12.02421221,11.95102895,11.93579882,11.94041379,11.95243834,11.970358,11.99172598,12.0254936,12.06816213,12.08122646,12.00211316,11.80080455,11.51465676,11.18842857,10.91365825,10.8001204,10.87277304,11.04332862,11.20418817,11.33129657,11.4299439,11.49654382,11.49105533,11.36370381,11.14342737,10.88517626,10.61348286,10.30005746,9.927777084,9.54179918,9.219045205,8.989272806,8.822626451
Armenia,9.835256777,9.846242399,11.82127338,14.44143101,14.39704744,11.94996795,9.684693443,8.381380654,7.506643277,6.719729103,6.072244901,5.693057381,5.602141572,5.720289173,5.964685762,6.254236598,6.495811451,6.643700173,6.794020053,7.038224997,7.252006926,7.160077207,6.776728079,6.606133318,7.062105844,7.966166984,8.507256941,8.112137684,7.307097849,6.660998556,6.57264466,7.533118444,11.21209052
Australia,9.612246877,9.083713217,8.657269383,8.380971668,8.288178978,8.337932515,8.453485393,8.541680009,8.476800573,8.155431617,7.657512746,7.128309827,6.665133306,6.296822706,6.037093144,5.845167961,5.663341498,5.466165609,5.277645619,5.117869705,4.980398736,4.843881559,4.70233755,4.572380431,4.477610145,4.424821243,4.416563155,4.448279862,4.496636857,4.53429403,4.541599907,4.505019834,4.41922562
Austria,9.728174486,9.662629655,9.623331427,9.523332004,9.281561355,8.926089085,8.534836815,8.161306275,7.838021477,7.585063399,7.394127282,7.246687612,7.120937082,6.991860694,6.835061482,6.646251769,6.433367847,6.1996923,5.943969528,5.667931981,5.37399299,5.071340822,4.771391711,4.508717341,4.299075985,4.142429111,4.030537671,3.955252933,3.921898296,3.933814212,3.986879591,4.072673789,4.178208316
Azerbaijan,13.40194207,16.71452267,25.98661454,35.26575548,32.17732544,22.34857568,16.98125109,15.92120079,16.02322033,15.08672944,13.3875425,12.10611725,11.56543948,11.39084807,11.24728564,11.02195357,10.69776553,10.30068558,10.65951877,9.690250971,9.543869473,9.424604057,9.984926062,9.248061535,9.30775579,9.35723733,9.174409455,8.802151203,8.711544977,9.325294559,19.86593251,10.94474526,10.39079207
Bahamas,16.65603563,17.10714607,17.57090742,18.02412495,18.44379572,18.75722566,18.924045,18.85173287,18.55296988,18.07996097,17.4814525,16.90526731,16.44864016,16.16248103,16.05036551,16.12939675,16.37602996,16.7652354,17.26258063,17.80777017,18.3222049,18.74388881,18.98304951,18.99565424,18.7097758,18.12680745,17.3003412,16.29942395,15.21230777,28.39684822,13.11333081,12.30388847,11.75908408
Bahrain,9.794469317,9.792855769,9.781894633,9.765912519,9.755199156,9.732615581,9.691737539,9.627290643,9.532253143,9.406918704,9.253587041,9.077910688,8.893145689,8.712574714,8.537435317,8.374727973,8.223594578,8.079197897,7.944636419,7.816252949,7.685084578,7.547402874,7.405844856,7.248567223,7.079258468,6.899060437,6.719401694,6.540610913,6.366021553,6.20531333,6.054868563,5.932436052,5.840947894
Bangladesh,47.48541121,64.5771889,44.52653148,43.12818871,41.65016946,39.97040914,37.82299376,34.9586092,31.33124883,27.80463197,25.11417444,23.45049619,22.56933432,22.30940696,22.4363162,22.65423785,22.67827871,22.35860513,21.60123277,20.61599617,19.6205772,18.76957714,18.06832372,17.49237055,17.0333154,16.65721714,16.33965506,15.98102063,15.52923765,15.00011049,14.45290283,13.94993983,13.50876688
Barbados,12.76501764,12.26458821,11.84246952,11.48698563,11.19568749,10.96387781,10.81380414,10.7405113,10.74685103,10.81509364,10.91497395,11.03420075,11.12866095,11.19236147,11.19794346,11.14447189,11.02311742,10.82946674,10.57326962,10.27768291,9.954137397,9.627183618,9.299576714,9.003980733,8.748600084,8.590974853,8.444263298,8.364048085,8.289563733,8.227928153,8.213069122,8.160830723,8.119650746
Belarus,15.27293836,15.82061322,16.04300165,16.03904298,15.91160756,15.76170026,15.68543421,15.71046741,15.80786507,15.91156439,15.83080279,15.39579011,14.73173992,14.08215619,13.56413819,13.08874477,12.58197186,12.07289668,11.63537914,11.26640168,10.85947933,10.31484576,9.632516338,8.86914849,8.086595125,7.355995093,6.717856682,6.185704031,5.749727845,5.401263265,5.140058412,4.960482125,4.841156198
Belgium,9.578113612,9.443197093,9.28133426,9.10264966,8.902994063,8.671869457,8.424267484,8.214019354,8.093159659,8.003591279,7.845406492,7.565882932,7.19610115,6.778082075,6.381004557,6.066836158,5.850187178,5.682515746,5.51799656,5.340683789,5.143484909,4.934794196,4.727147819,4.53141054,4.351027556,4.183899393,4.02996883,3.88815735,3.761826595,3.650297847,3.556894349,3.48291209,3.425097618
Belize,13.48918881,14.34066264,15.29190727,16.34440375,17.48534521,18.63800078,19.72650132,20.65184112,21.33290001,21.71019758,21.85914323,21.83490679,21.7194461,21.52692079,21.26488507,20.95811159,20.648547,20.35733171,20.05928439,19.76404717,19.4608591,19.13082277,18.77599479,18.41557643,18.06685468,17.70972885,17.33022734,16.90880372,16.44369952,15.93022755,15.38283097,14.81937536,14.28712589
Benin,68.78271878,66.59859578,64.58606866,62.76778185,61.07052925,59.43436462,57.85272724,56.41339894,55.03315383,53.76416143,52.53648056,51.42682031,50.37840217,49.40235032,48.47340503,47.61076994,46.84132525,46.17329066,45.62929722,45.19100793,44.8274901,44.52418021,44.36382545,44.19807349,44.0319238,43.92470661,43.8268333,43.61807788,43.31240943,42.90769474,42.45984565,41.86192261,41.42414636
Bhutan,49.75703208,46.73365058,44.17856645,41.90312121,40.0302023,38.34490448,36.82804032,35.51599516,34.28115918,33.15116663,33.97015484,31.21055245,30.34099716,29.52231618,28.72336245,28.01442693,27.34730949,26.67913384,26.08122983,25.48499526,24.92575863,24.43166031,23.98582503,23.61627044,23.29746341,23.01450539,22.75320698,22.46646161,22.28817809,22.09731019,21.94871338,21.71414667,21.4651421
Bolivia (Plurinational State of),35.03475114,33.54744899,32.1812125,30.95013428,29.85128029,28.83217936,27.90025075,27.06068189,26.25333351,25.43263146,24.64492618,23.8475992,23.06206065,22.26156794,21.46625317,20.71562962,20.0106989,19.38300368,18.83728372,18.41586453,18.11124399,17.8734295,17.66851165,17.47473864,17.26541651,17.11262564,17.05128866,16.92515325,16.78614114,16.67551628,16.55985385,16.43773789,16.31193568
Bosnia and Herzegovina,9.126241118,9.326739982,125.5556852,136.5810169,44.68474456,21.0372145,7.222664101,6.607303963,6.090344397,5.68929982,5.397128896,5.205170916,5.103133122,5.079467224,5.110571202,5.164001582,5.21329556,5.233229512,5.201163843,5.130792423,5.055122093,4.996452967,4.971857379,4.9856471,5.031334425,5.08631143,5.126102008,5.13599155,5.095381858,5.006049862,4.892548663,4.770067049,4.661566111
Botswana,58.37362836,57.55802254,56.61398363,55.61749179,54.70246579,53.58364294,52.30409964,50.9214588,49.49052961,47.96141675,46.38222599,44.67079753,42.8364984,40.95127746,39.07725848,37.10651326,36.67900961,33.39149571,31.57959108,29.84413699,28.27331881,26.83626058,25.4806397,24.17933369,23.00728811,21.94077916,20.99556416,20.19363409,19.57980412,19.15286186,18.83013328,18.58348917,18.38892645
Brazil,18.75421184,18.33708987,18.12853213,18.09814849,18.19542585,18.33362473,18.3837871,18.29347872,18.13869917,18.00526343,17.9187909,17.8477378,17.77573538,17.66202286,17.4768287,17.26588552,17.113689,17.04683041,16.99242064,16.88898583,16.76287614,16.70996457,16.77263216,16.89647086,17.02354241,17.0529856,16.88280337,16.485842,15.99070616,15.5263587,15.13257213,14.80568539,14.54586678
British Virgin Islands,16.02493051,15.62336158,15.24911998,14.91746523,14.61884492,14.35933912,14.13084391,13.93230179,13.76782882,13.61335516,13.48216787,13.36768267,13.2741289,13.19313441,13.12730521,13.07358608,13.02287983,12.98364365,12.96424842,12.96020345,12.94326552,12.94900403,12.95718813,12.95969375,12.92226962,12.85560931,12.75192814,12.61340601,12.44712279,12.27000347,12.11252547,11.94292837,11.7415658
Brunei Darussalam,16.0426128,15.45098789,14.89647061,14.33748248,13.77275491,13.1887362,12.56518628,11.92526854,11.2869455,10.68483994,10.13433058,9.625616091,9.187614547,8.798436605,8.452458604,8.153177932,7.902720394,7.683954983,7.499727919,7.334435337,7.177106192,7.027348882,6.875578666,6.730037165,6.590082653,6.471571404,6.379267449,6.323803014,6.312610637,6.359511567,6.464728263,6.625627719,6.819726748
Bulgaria,12.11380637,12.16745342,12.23898603,12.27279358,12.20862778,12.03681249,11.77015453,11.42735979,11.03687895,10.62380558,10.22286569,9.861947109,9.562111025,9.340917996,9.206196422,9.132354195,9.079811513,9.00485669,8.877776761,8.667107047,8.400123407,8.116457446,7.854113962,7.619031062,7.419994062,7.260536963,7.147742282,7.079437978,7.053465094,7.070904537,7.118462598,7.179665597,7.236316011
Burkina Faso,74.04208349,73.05294637,72.14544925,71.25124779,70.31306342,69.23707433,68.06274396,66.6709002,65.08274856,63.33996892,61.54494218,59.61955037,57.72188935,55.79599586,53.93401392,52.06973749,50.27407152,48.4658623,46.68740939,44.98982226,43.36739234,41.91689969,40.5846498,39.36763266,38.29383663,37.33253851,36.45669694,35.50209295,34.7162423,33.9332362,33.24605114,32.49103857,34.15271807
Burundi,133.804868,138.1998296,141.6491669,240.0102362,145.9417614,144.8755301,141.2141172,135.7919469,129.1380016,121.6554071,113.473588,104.8306165,96.10842238,87.34705344,78.74772162,70.52665692,63.03536738,56.78036144,51.81757064,48.04596997,45.3852065,43.6405524,42.47696099,41.72704496,41.15835139,40.84473645,40.64611431,40.59895508,40.50593587,40.27107291,40.02156237,39.68810204,39.41896121
Cabo Verde,14.3230524,14.3500903,14.39672987,14.4332732,14.43423604,21.42607034,14.2141908,13.97203588,13.65080505,13.26619759,12.87473278,12.50045413,12.15861367,11.87734362,11.65247997,11.45378628,11.25204364,11.02790922,10.77239913,10.48885155,10.18957178,9.902133534,9.636883917,9.412382275,9.233080857,9.080142042,8.95023148,8.869827523,8.772268439,8.689177728,8.632193463,8.595391827,8.55091656
Cambodia,68.45030807,65.40366472,62.53349208,59.70772271,56.79098868,53.75080747,50.55918019,47.19989103,43.88155207,40.55181952,37.38215841,34.41924457,31.71482472,29.31648052,27.2587633,25.45209968,23.9399103,22.61964684,21.44585432,20.37072481,19.3941266,18.47460891,17.69784436,17.02466171,16.50816695,16.11499347,15.84338124,15.63492789,15.49570593,15.41569497,15.36592275,15.32646345,15.26297736
Cameroon,61.31611175,61.37834592,61.52093965,61.67776333,61.9165069,62.17738593,62.39566328,62.59260517,62.73647965,62.74147131,62.6097615,62.36108029,62.03405785,61.58312805,61.07332835,60.50594698,59.8593549,59.16980077,58.42680401,57.67177571,56.93582652,56.26218208,55.63306844,55.04846907,54.48178597,53.92797217,53.40932969,52.91288148,52.34570131,51.67980375,51.09316962,50.5298418,50.01272817
Canada,9.595217826,9.176900065,8.768552446,8.426590389,8.153140174,7.923541761,7.720388739,7.538833949,7.367222307,7.199031519,7.020301459,6.832586757,6.673605385,6.571842117,6.501325289,6.414805502,6.287219657,6.131083005,5.962949017,5.795922026,5.640685155,5.501163037,5.379481374,5.276888546,5.22091083,5.248960058,5.362242127,5.488703055,5.5498702,5.583710273,5.690650314,5.91480845,6.163910941
Central African Republic,73.49944715,73.1213094,72.95876798,72.7712997,72.7531363,72.77316199,72.89143877,73.04112213,73.14423268,73.26751692,73.34578123,73.6218845,74.01609357,74.52526285,75.01123335,75.23974207,75.52771141,75.45087628,75.17906762,75.21720767,75.13087445,75.07372176,74.66820969,74.3093073,73.96406961,73.71226883,73.46830487,79.15357196,72.69412083,72.19186882,71.17852981,75.72046536,69.47237368
Chad,104.5213499,86.10813921,85.06201992,84.01159976,83.06567164,82.07674468,81.1856053,80.20784344,79.32912202,78.37761536,77.31559866,76.26501112,75.17574061,74.12600313,72.99944863,72.00124701,71.04185077,70.154219,69.21821295,68.35456513,67.51684091,66.69822255,65.95751088,65.1664825,64.39539808,63.51904327,62.74502431,61.99483379,61.20735065,60.51887934,59.88343166,59.44160326,58.84650412
Chile,11.39531952,11.13745891,10.90625808,10.71189393,10.54954273,10.39304895,10.17194396,9.825800887,9.422337645,9.073168521,8.826671027,8.637084493,8.443878172,8.240079626,8.038182664,7.858325978,7.755134008,7.769193419,7.832071199,7.804124642,7.625186102,7.373649207,7.135827037,6.950743703,6.841641069,6.805490497,6.805989507,6.804285121,6.807043253,6.842063677,6.916594639,6.989900564,7.015980565
China,15.86868602,15.33127975,14.79209703,14.24949532,13.70833337,13.16115075,12.63827825,12.12747215,11.63794669,11.16791712,10.71397003,10.28720485,9.876661412,9.491653629,9.127461211,8.775160224,8.442227837,8.13522249,8.356638112,7.568046827,7.307910705,7.070350336,6.882131665,6.736204223,6.632186553,6.543110518,6.474892515,6.412998106,6.357453844,6.302753934,6.262760532,6.227595694,6.201449751
Colombia,31.09870946,29.67137577,28.38214589,27.19543887,26.08868297,25.12526553,24.43858839,24.1174396,24.19558615,24.66269069,25.12233898,24.96553073,23.87310267,22.18807709,20.30504188,18.64110997,17.51124302,16.96564809,16.73842632,16.55991759,16.30675967,15.92655357,15.41774857,14.89466108,14.44806117,14.11001766,13.87048426,13.72217794,13.6687611,13.7115638,13.85610924,14.11270723,14.45397336
Comoros,41.55778966,40.23745491,38.93643935,37.64563433,36.31275978,35.10349573,33.84022793,32.59911612,31.3935464,30.2862552,29.15896876,28.08635422,27.03386877,26.01832588,25.06022389,24.13793604,23.22064289,22.34297771,21.47587476,20.64904892,19.85649487,19.09476399,18.33241509,17.6452624,16.97012043,16.28903102,15.66387816,15.08938309,14.5520097,14.11050674,13.77539764,13.51791822,13.29100819
Congo,90.16182649,85.08801293,80.81925712,77.00805913,73.53478586,70.35761666,67.27702499,64.24580453,61.15304521,58.08307341,55.08876085,52.20429309,49.44741765,46.8398338,44.41987166,42.14957428,39.99906697,37.94758744,36.01729499,34.147505,32.33016519,30.72023325,29.29278506,28.04117649,27.05037694,26.30970695,25.89727035,25.50652158,25.22021406,33.86489176,24.72390466,24.55847118,24.40331469
Cook Islands,22.44803262,22.42427628,22.44608926,22.37662281,22.28675811,22.10645534,21.84363604,21.48722703,21.07679794,20.57710531,20.02386355,19.42711024,18.75187488,18.00737792,17.26564809,16.5054131,15.77959494,15.0859708,14.52689831,14.08977796,13.79323249,13.6439883,13.53092098,13.43635332,13.36303424,13.32081799,13.3138273,13.24508485,13.20250948,13.12489131,13.13364026,13.13000786,13.00151696
Costa Rica,9.335959829,9.431858132,9.555495621,9.696705215,9.845223675,9.98813691,10.11100384,10.1875931,10.16834239,10.01498223,9.788768364,9.586063423,9.449777496,9.324343888,9.15571406,9.041394527,9.140884288,9.486713442,9.768943589,9.645771578,9.206311406,8.73516511,8.435750345,8.370854099,8.607624703,9.034030365,9.425544279,9.596411602,9.554915014,9.353834697,9.150324903,9.130338343,9.36454312
Croatia,12.82780169,19.92880918,14.65382356,14.23897005,12.97671972,11.78227936,10.30638038,9.365005525,8.725265247,8.314395057,8.04620084,7.851470917,7.687929272,7.518871162,7.33961861,7.164225931,6.994782032,6.790237622,6.524685759,6.205674638,5.872174468,5.548854128,5.269865791,5.052070417,4.901360841,4.81525575,4.796128974,4.831049566,4.913302793,5.027644888,5.155425947,5.274026755,5.360567487
Cuba,14.38650522,14.26363025,14.07454944,13.80231985,13.43170705,12.96492183,12.40525033,11.77309721,11.11593839,10.46681907,9.846680579,9.267111215,8.736969154,8.274272629,7.885682682,7.563963149,7.293730989,7.068822313,6.894529987,6.770915645,6.69278495,6.63688846,6.595293462,6.562753425,6.54059904,6.531067336,6.541182383,6.578932435,6.657244368,6.784766579,6.974863337,7.22902565,7.527461396
Cyprus,8.230156854,8.524439878,8.828658153,9.116575833,9.377643216,9.595475144,9.748755629,9.829385589,9.849695032,9.809018159,9.712817809,9.543653625,9.289199611,8.933447358,8.491687216,7.983196244,7.440512469,6.903348489,6.401310551,5.957939506,5.594170639,5.304016474,5.083925053,4.91304779,4.775720879,4.658461395,4.548339304,4.441964854,4.33003589,4.214567036,4.093158983,3.985821678,3.89348502
Czechia,9.263364387,9.336454328,9.344305891,9.257753916,9.05732358,8.779779314,8.48177012,8.203319156,7.961151694,7.763162806,7.593038971,7.420394183,7.226368498,7.013522744,6.787650453,6.558322855,6.336417109,6.129433731,5.938644994,5.765257651,5.603525802,5.447206029,5.290469911,5.140124248,5.003063484,4.884381269,4.788886541,4.718292461,4.668560669,4.629071844,4.60701675,4.612385607,4.643247852
CÃ´te d'Ivoire,59.81391461,59.73333941,59.6544522,59.57858654,59.47140361,59.27666338,59.05397883,58.68382232,58.2520988,57.7170194,57.02972049,56.23428223,55.381164,54.41009281,53.46628221,52.49634638,51.5311881,50.47077138,49.37735279,48.19088572,46.95186736,45.6720624,44.36356978,43.05731841,41.81041794,40.61205767,39.40038545,38.17391757,37.00656974,35.84813528,34.71567366,33.69289098,32.81613563
Democratic People's Republic of Korea,22.85401795,24.52038887,24.06716814,23.63417535,23.19068286,41.94621736,41.45085997,41.06949812,40.820987,40.56471604,40.25145866,39.87885794,39.40169127,20.22723621,19.88482324,19.58641833,19.40139791,19.42641926,19.08274726,18.76382154,18.22006429,17.54494547,16.78894002,16.02672707,15.36197702,14.81624209,14.51930529,13.89829063,13.56813079,13.10841355,12.74720003,12.39941799,12.99967436
Democratic Republic of the Congo,87.1322253,84.67656378,82.39410438,80.44456876,78.71822733,77.11207092,82.38611886,74.54985525,73.37687369,72.46046664,71.56409492,70.70662038,69.71641097,68.81120571,67.91355896,67.08921448,66.35693984,65.78155711,65.42365636,65.13245513,64.9139448,64.75204222,64.71172778,64.49648754,64.16623213,63.78571189,63.41128581,62.89232585,62.14514439,61.64247837,61.27372808,60.86178488,60.65173723
Denmark,7.231411349,7.047719631,6.902097068,6.783022643,6.683311488,6.596221867,6.514085019,6.432361277,6.341367283,6.237358392,6.111665261,5.953155304,5.763013889,5.557012905,5.347607482,5.13845941,4.92116599,4.692549637,4.445437416,4.178774617,3.910717417,3.661348689,3.45032598,3.28527204,3.172125497,3.100859741,3.060501457,3.037864023,3.032260162,3.035298629,3.044603616,3.055998915,3.070976568
Djibouti,67.43291971,66.46555894,65.67634853,64.95603207,64.32787994,63.73444347,63.10903157,62.40947331,61.60121018,60.75621997,59.83793279,58.84227626,57.79779991,56.72145789,55.64811816,54.53954144,53.41593115,52.2737833,51.11505275,50.00116115,48.87159445,47.80725735,46.75209146,45.72647377,44.70962358,43.67423288,42.67422791,41.58557758,40.64342858,39.69177908,38.73146553,37.82543099,36.90595233
Dominica,11.20167733,11.12575022,11.08071411,11.04285784,10.99637784,10.9384821,10.88128199,10.81212728,10.744894,10.66974106,10.58978364,10.50109334,10.40589341,10.31149956,10.22985821,10.17000062,10.15715873,10.203723,10.28691388,10.40447405,10.5386187,10.66867291,10.76332861,10.83266262,10.86807358,10.90561189,10.93457026,22.43221784,11.04961652,11.13638263,11.23927992,11.27466827,11.25503394
Dominican Republic,20.20922243,20.30410917,20.3892476,20.51916526,20.69836288,20.86890251,21.08182913,21.26492346,21.41750555,21.53963363,21.61078152,21.65139535,21.65272998,21.62006568,21.57566171,21.50147637,21.33124669,21.11366428,20.75510602,20.29845286,19.83736804,19.43696322,18.99939715,18.55443761,18.17011634,17.84158014,17.63954961,17.47301592,17.31947583,17.24764518,17.15349629,17.02939694,16.9762876
Ecuador,21.47176391,20.70114834,19.99533963,19.38721463,18.91368747,18.59524627,18.44899962,18.44911263,18.50061251,18.49437983,18.3524759,18.03658636,17.57287453,17.10334059,16.75765183,16.54128074,16.39810656,16.27378315,16.10382911,15.83764616,15.42883554,14.85645797,14.14292959,13.41450992,12.77060394,12.23715378,12.1380107,11.50484004,11.39085417,11.54044964,12.05510357,13.08937766,14.69425512
Egypt,22.96118008,20.85469639,19.12491682,17.90898508,17.11280093,16.57417862,16.16437263,15.78266864,15.35087866,14.93072567,14.63218216,14.49934119,14.40683488,14.21527587,13.91473168,13.57697321,13.2707297,13.05174279,12.95742251,12.97265925,13.05619291,13.14081571,13.08541478,12.75347585,12.27743845,11.87751503,11.6622894,11.56736392,11.51798852,11.49970226,11.53289628,11.60644597,11.66723206
El Salvador,33.66907882,24.90014461,23.31642505,22.63561975,22.69789689,22.98772234,22.97486758,22.5851819,22.86418842,21.36441144,20.82013804,22.06782342,20.40031269,20.74292505,21.44977054,22.1407557,22.36677266,22.07257296,21.44955915,21.12287984,19.61695716,18.50423294,17.75043501,17.97884267,19.31136358,20.78852698,21.10253271,20.0796528,18.31083739,16.40322384,14.83330108,13.83357931,13.3170245
Equatorial Guinea,75.71145126,75.20093086,74.70017234,74.20709956,73.80907151,73.31332392,72.61284342,71.78996914,70.75800279,69.57689435,68.24391453,66.87714556,65.41653125,63.93994962,62.43479901,60.86234776,59.27068921,57.65088454,56.04933556,54.50087334,53.0229013,51.69063583,50.3904513,49.09626405,47.80474931,46.58337039,45.38437945,44.31745844,43.14629528,42.0303387,40.94964868,39.95769103,38.93101459
Eritrea,89.63772836,85.41099241,81.24845924,77.04832362,72.95173426,69.0128218,65.32432945,61.92938645,58.86150326,56.05294217,53.44864115,51.07183414,48.87959908,46.84318041,44.99266985,43.29630613,41.74615027,40.32131549,39.00154215,37.74144425,36.65546423,35.68452275,34.77441305,33.91443507,33.13707761,32.34882451,31.61261011,30.94516067,30.29427449,29.67619217,29.07245896,28.4460298,27.84277469
Estonia,18.00113184,18.92374655,19.69061826,20.08371246,19.89155363,19.09584054,18.0166184,16.92671315,15.98270505,15.25644649,14.74532833,14.35824501,13.99672904,13.61078766,13.18304323,12.68667469,12.10219838,11.40036381,10.62927106,9.85459676,9.122597937,8.4651517,7.913351367,7.431376536,7.000954333,6.598383934,6.21042205,5.827506607,5.453301092,5.101543869,4.792426041,4.533591323,4.35533232
Eswatini,41.14173663,40.36398836,39.65522805,39.06338214,38.62911543,38.33547222,38.17003892,38.09451122,38.09996499,38.18762314,38.34969877,38.50692984,38.72534733,38.94263496,39.11316556,39.30143273,39.47510459,39.57077151,39.72306311,39.90201517,39.9944296,40.1554972,40.21100799,40.12190145,39.85510668,39.38676178,38.84736094,38.27066671,37.680143,36.99705476,36.46384007,35.84250591,35.13169338
Ethiopia,142.3029737,130.6588617,126.7610156,122.2794736,117.6222892,112.5556991,107.4232336,102.2467136,97.11215924,98.60286584,86.99472192,82.2167227,77.54176783,73.07482642,68.7708093,64.54324341,60.30086909,56.06648637,51.95140075,48.06278335,44.43922583,41.01460254,37.94501553,35.12397985,32.57396825,30.34625937,28.54837931,27.25617646,26.34883443,25.7610769,25.31588593,24.94677703,24.68177363
Fiji,30.61879593,29.34037122,28.17677074,27.14539731,26.24928348,25.42191936,24.64002598,23.88496261,23.18430048,22.52092664,21.89146725,21.29433164,20.7167192,20.14819104,19.56275535,18.94725156,18.29076685,17.62298084,16.99768314,16.4360838,15.95788208,15.58439765,15.29131117,15.06206345,14.88916919,14.78387792,15.34675764,14.79398828,14.87770828,14.97968508,15.06169055,15.07424156,15.00801846
Finland,9.997618489,9.692958521,9.117909207,8.510523208,8.038435436,7.729873463,7.555113424,7.480514767,7.473183894,7.496932553,7.511413339,7.459292551,7.323869952,7.163971998,7.038941099,6.953803977,6.892192077,6.822231113,6.71041411,6.513497487,6.227686623,5.874270004,5.488126749,5.159548432,4.947734265,4.865679955,4.922826743,5.103277582,5.311350187,5.44836265,5.478113058,5.407741605,5.272486416
France,9.62304566,9.391253273,9.122343687,8.81738039,8.504880558,8.222014955,7.9859283,7.788277478,7.614407113,7.433232329,7.202687252,6.908654259,6.573536353,6.221201192,5.881578969,5.583366965,5.33746412,5.136400073,4.969292191,4.814851562,4.648960327,4.463146941,4.279661768,4.118096343,3.987481408,3.891752181,3.828570645,3.783803703,3.740643734,3.696872577,3.654224067,3.613442949,3.569937897
Gabon,41.93606741,42.16691663,42.46980966,42.68773424,42.89481318,42.99781136,42.91639079,42.728391,42.40934513,42.0892904,41.73256362,41.34359812,40.76422134,40.14259985,39.4281093,38.68110485,37.76737592,36.7540008,35.62345647,34.4186006,33.20447826,32.01920129,30.89287667,29.7897361,28.76538076,27.91846018,27.27035533,26.79290441,26.39729485,25.99377405,25.67467622,25.43131662,25.10043837
Gambia,71.83786148,69.98490148,68.09835107,66.22336747,64.37916371,62.54237918,60.73146383,58.91021246,57.14036325,55.4174349,53.72782083,52.08584409,50.46147621,48.84908471,47.28484948,45.75259057,44.26892338,42.83806282,41.47459673,40.14544432,38.88322347,37.680279,36.52583483,35.41779421,34.35519302,33.32886256,32.33699451,31.39036629,30.50092828,29.6573853,28.8762222,28.12678184,27.42231485
Georgia,12.52001658,13.21694445,17.19602462,20.28670714,13.3876279,11.02650805,9.441678677,8.951287916,9.002720007,9.135402119,9.143245926,8.92804199,8.512393764,8.077708996,7.769610065,7.710679804,8.038767974,8.751229228,11.46470779,9.547985229,9.148674218,8.686160741,8.440389544,8.520932019,9.019837997,9.690544836,9.897725228,9.374814746,8.724469715,8.47119991,8.521551968,8.503273639,8.209499742
Germany,8.385586083,8.330288987,8.194062724,8.003996424,7.792724032,7.573931189,7.353873376,7.139479977,6.926405667,6.717450224,6.494152631,6.230147974,5.917882922,5.583791145,5.252628164,4.950973819,4.705916608,4.52161051,4.374307454,4.241720038,4.113716629,3.986528226,3.861240857,3.752136117,3.668441913,3.60353175,3.542675401,3.477822394,3.422374147,3.389413262,3.38746948,3.425391512,3.497732642
Ghana,56.44261284,54.15161285,52.09139116,50.31048879,48.70565386,47.18473734,45.82376482,44.52837449,43.33061113,42.23661462,41.21866126,40.27092381,39.39238543,38.5087606,37.57969454,36.69848835,35.84083685,34.93517165,34.01585053,33.15338051,32.26798844,31.4978071,30.74104128,30.07835407,29.50498381,28.96676612,28.51239601,28.08200668,27.74079245,27.43830279,27.1726959,26.7930816,26.57334607
Greece,8.666142838,8.519394273,8.359366218,8.195571704,8.038009752,7.902172955,7.792045547,7.709578037,7.63978896,7.56750126,7.478490589,7.3801159,7.277905574,7.17322218,7.068729995,6.956280114,6.823175963,6.652215909,6.437617957,6.179068879,5.877169539,5.555191829,5.232773917,4.926033599,4.656098511,4.427349163,4.232404167,4.062169392,3.911062271,3.770901885,3.6416353,3.529006632,3.443359624
Grenada,15.76626483,15.32886237,14.87901957,14.41042896,13.9468834,13.49482658,13.05081704,12.63826687,12.25012925,11.90930494,11.59284051,11.31384806,11.07526974,10.88238965,10.71246155,10.56465195,10.41539636,10.26862211,10.11630761,9.969067619,9.817439498,9.670361791,9.543251233,9.426732867,9.304075919,9.182222107,9.052185005,8.928691005,8.808255079,8.707723754,8.6063038,8.511425622,8.421320205
Guatemala,33.61575179,33.09347124,32.15643223,30.93422533,29.57668876,28.25330663,27.14326798,26.30946603,25.63335262,25.0082568,24.45518052,24.09193278,23.95216306,23.96997861,24.04826779,25.27969833,23.81910793,23.28197137,22.54118213,21.70606882,20.88218617,20.18132146,19.66085872,19.35185411,19.25520137,19.21187196,18.96463847,18.41571583,17.72351453,17.05135634,16.50895274,16.18520387,16.08219538
Guinea,75.42843529,74.03670313,72.74948439,71.5675196,70.44871207,69.44766637,68.62442364,67.92268365,67.38693484,66.88851125,66.36771392,65.71655738,64.99501201,64.08418936,63.08104657,62.10210146,61.17373012,60.26869107,59.46824062,58.75049573,58.01924083,57.39216673,56.82310968,56.28922669,55.76883865,55.22774638,54.61360679,54.30607103,53.73591042,53.23642306,52.88109758,52.53067247,52.07345184
Guinea-Bissau,100.4218045,95.53255521,91.35396877,87.31446103,84.07030831,81.23987039,78.78634975,81.04464258,89.02753474,82.44863677,70.53478769,68.81051583,67.14317821,65.43152271,63.74325344,61.9912681,60.28652927,58.48393493,56.62296361,54.76770941,52.85019334,50.96233406,49.11294606,47.36069142,45.7516886,44.25013587,42.85571891,41.61376298,40.4652267,39.36595769,38.40707401,37.51367483,36.64761285
Guyana,19.84825155,19.37036424,19.07781666,19.0740563,19.40509309,19.93673262,20.49878418,20.95250869,21.14095395,21.02050622,20.75649093,20.5158007,20.33328061,20.1975176,20.08366352,19.94291492,19.73104972,19.56414643,19.58329069,19.85210689,20.31135207,20.85036308,21.31045369,21.48675267,21.2513154,20.65764275,19.77440165,18.74489309,17.72385711,16.81740211,16.06714323,15.52399828,15.17123798
Haiti,68.0353495,65.81111454,63.68778721,61.65081451,59.67326721,57.71061454,55.8071324,53.91051834,52.05621716,50.25819627,48.52566901,46.79992211,45.18558891,43.69051402,45.68133612,41.05367179,39.90335465,38.8218034,37.8224988,36.88738972,166.1479893,35.09832737,34.23585093,33.42586349,32.6305683,31.89486599,31.2382436,30.6213503,30.09724104,29.62196689,29.29995776,30.94968526,28.79889317
Honduras,28.09960592,27.21578805,26.39554965,25.60682816,24.85646028,24.15900888,23.49134538,22.88064048,55.89128077,21.76293957,21.25684303,20.78324654,20.33349536,19.89316007,19.49381984,19.12758323,18.78038078,18.4544241,18.15518515,17.88107869,17.63145379,17.41079335,17.20239392,17.00451495,16.8081224,16.62789986,16.44387679,16.27907521,16.0771806,15.85102764,15.62757602,15.40114407,15.15063003
Hungary,10.79457726,10.64089566,10.21593353,9.641461299,9.032365878,8.482311373,8.043041524,7.731433321,7.495266598,7.295373212,7.110213442,6.925484911,6.743078081,6.574666282,6.426517879,6.287623454,6.144142393,5.976783745,5.782705406,5.55581178,5.316684241,5.089164042,4.894992605,4.734092313,4.613114295,4.526989016,4.467124608,4.431379168,4.42336745,4.44504262,4.487506181,4.533831938,4.571429132
Iceland,8.629240805,8.36185581,8.09372889,7.85693123,7.646344324,7.472218908,7.326951042,7.194802644,7.067620997,6.929694616,6.775913532,6.598158513,6.396263895,6.179770599,5.951491512,5.722042968,5.489088362,5.251068146,5.018839858,4.799056117,4.605075579,4.42768205,4.27298359,4.136151542,4.016680017,3.898403109,3.77707536,3.649713919,3.517031932,3.383419763,3.253735452,3.131512255,3.02633409
India,45.36343111,43.89071331,42.52932502,41.28484878,40.12291718,39.0773645,38.1183954,37.2109244,36.30737927,35.41849065,34.48595206,33.53263157,32.55093262,31.55412251,30.54021489,29.51708942,28.45586995,27.36481411,26.23372597,25.05995484,23.8690142,22.65985147,21.45212885,20.25415697,19.09177272,17.97726672,16.90225091,15.88681266,14.92008944,14.01120817,13.19110823,12.4938852,11.98352867
Indonesia,25.851217,25.16050498,24.46576996,23.8149118,23.2475812,22.74044991,22.2897813,21.90903296,21.58199422,21.29817173,21.01637215,20.74068746,20.44036687,20.14406203,30.90108038,19.51232515,19.19487109,18.90282131,18.63990612,18.40383106,18.2061464,18.04172857,17.80018298,17.58771066,17.39378074,17.1817894,17.03104341,16.88829207,16.77148554,16.65486678,16.47370208,16.40520872,16.31881132
Iran (Islamic Republic of),36.49326681,23.79889868,22.46731026,21.27548423,20.24589618,19.33488357,18.55452372,17.93012688,17.39572019,17.03010216,16.81610241,16.71971553,16.71772938,23.12557724,17.01985245,17.30997104,17.7349975,18.26416476,18.62555487,18.56188487,18.02227595,17.09462536,15.95449023,14.88851199,14.12125802,13.67431365,13.50833943,13.5528286,13.66736661,13.70640041,13.66546224,13.61262062,13.52561271
Iraq,21.81992268,21.22212401,20.68803596,20.15796918,19.68505281,19.25044073,18.84979715,18.47274571,18.11015534,17.78929879,17.49156977,17.2384546,17.01506664,16.81258017,16.63074152,16.46025956,16.30971589,16.16630552,16.03621609,15.91721733,15.80759928,15.7139562,15.64765762,16.76328631,15.48423979,15.36427776,15.18470496,15.00585768,14.83836018,15.68253839,14.44902795,14.24111307,15.0055068
Ireland,8.072217398,7.991995164,7.937978642,7.93726474,8.032226942,8.226053908,8.455597606,8.629177244,8.694069261,8.60061123,8.36085993,8.043411606,7.725705087,7.44261885,7.206871351,7.012687851,6.817746278,6.576734902,6.297677919,5.99717627,5.685823195,5.365968173,5.036716349,4.705456897,4.380286411,4.07212675,3.7938323,3.547302636,3.332964063,3.145584233,2.986751458,2.858482753,2.768348579
Israel,7.106270131,6.989495455,6.941954405,6.964115479,7.053815111,7.116669619,7.010975243,6.72602614,6.504135944,6.536047533,6.752044907,6.934614874,6.892212469,6.637250312,6.200870945,5.72254574,5.345128,5.09892404,4.884555453,4.618533174,4.345854912,4.144304898,4.044921464,4.007186456,3.996558899,3.978438441,3.926055103,3.830824159,3.724329224,3.633858546,3.577999036,3.571740116,3.614060782
Italy,8.172642919,8.269499176,8.177973694,7.975018195,7.743762981,7.510274364,7.278347597,7.053135372,6.836962262,6.629149613,6.426370015,6.225460142,6.027947112,5.828982586,5.622782174,5.418330046,5.22004743,5.026166708,4.823115943,4.598646703,4.362397263,4.127188978,3.911826162,3.73328701,3.607895173,3.514118036,3.419312159,3.305992715,3.184651204,3.069986697,2.988643478,2.974641135,3.03341237
Jamaica,17.79736582,17.5475263,17.29575508,17.02861939,16.75106675,16.4645289,16.16020228,15.86034067,15.55063683,15.27212644,15.01185841,14.79368243,14.63302951,14.52506554,14.47432978,14.44996932,14.4487906,14.45485387,14.45395091,14.44011387,14.41909937,14.39285249,14.36389833,14.3354998,14.30304873,14.26878377,14.25136582,14.26464157,14.30351606,14.34589456,14.37697206,14.37674343,15.70495177
Japan,6.470889922,6.355181794,6.22763655,6.094153243,5.960722606,6.120587079,5.71512924,5.605505371,5.490156685,5.35757994,5.211687623,5.063581813,4.924228324,4.802719042,4.704746599,4.626022143,4.555284544,4.483451588,4.407123205,4.32658686,4.237020283,5.947005483,4.015209637,3.890200987,3.763480931,3.649851949,3.563825808,3.514893671,3.503874265,3.530032837,3.585924097,3.655633455,3.724629731
Jordan,14.53346213,14.30964488,14.10401181,13.89583635,13.70292183,13.51848517,13.33606028,13.15992045,12.9856777,12.80883313,12.64396563,12.47496027,12.30114966,12.13328346,11.97286294,11.80911577,11.64496783,11.47951082,11.30168184,11.14137344,10.98104359,10.83362702,10.68348241,10.5294942,10.3919814,10.25029941,10.10969527,9.957096074,9.81094957,9.667333201,9.544393579,9.394464413,9.259571269
Kazakhstan,19.45558412,20.15677316,21.02941739,21.94394185,22.74280664,23.30519842,23.53716204,23.41205961,23.01944064,22.4654476,21.87706686,21.3689525,21.02354078,20.88303153,20.94761068,21.00150075,20.68669385,19.84077568,18.63282702,17.25932177,15.89726508,14.69488735,13.69582722,12.82390147,12.02147845,11.32291722,10.78307006,10.41682468,10.1652367,9.9745066,9.795454319,9.583099346,9.32985431
Kenya,39.17419489,40.44915459,41.69736743,42.86576443,43.8239588,44.59097319,45.07826455,45.25234408,45.13643974,44.73455481,44.00974992,43.05521309,41.94101752,40.66344339,39.32999182,37.93981883,36.572067,35.23750474,33.92457109,32.68665908,31.46951102,30.30284973,29.16599853,28.06003176,27.07754177,26.21204305,25.51192368,24.87583572,24.26290121,23.76703095,23.3764338,23.00113522,22.7473456
Kiribati,37.29919985,36.3551874,35.47142034,34.65938326,33.94035957,33.29652091,32.69714273,32.1343574,31.58471151,31.02922763,30.4777149,29.98191744,29.54063809,29.21304757,28.98617522,28.84048015,28.72550886,28.59100625,28.43451542,28.25181987,28.09146978,27.97921567,27.9340898,27.96048569,28.09193134,28.27410573,28.45752741,28.57221405,28.60303472,28.48558952,28.20714558,27.8628997,27.48510454
Kosovo (UNSCR 1244),20.64718504,20.09770601,19.55343256,19.02276463,18.48500962,17.94122456,17.3951594,16.85473097,16.31100436,15.75905096,15.21478946,14.6756959,14.14970453,13.6399948,13.14985265,12.68609507,12.25330945,11.84574585,11.46475616,11.11024506,10.77863785,10.47010009,10.18217998,9.922076245,9.6787539,9.44505961,9.22086014,9.001499696,8.78945809,8.5849375,8.395328557,8.22686664,8.072412743
Kuwait,19.81549554,19.96416693,10.1977708,10.24833142,10.17109891,10.01640459,9.831530899,9.634740305,9.430532906,9.222288815,9.00401948,8.775959212,8.558334634,8.357698142,8.18011913,8.004996048,7.821176718,7.629408276,7.436183876,7.254065115,7.090438072,6.965213605,6.887734098,6.855538084,6.861990868,6.896662926,6.937395965,6.962408907,6.951192203,6.900711805,6.824196948,6.743450755,6.685805149
Kyrgyzstan,16.96092657,16.98668725,17.0394751,17.11212933,17.17785312,17.16699979,16.99847223,16.62969841,16.1304109,15.56701263,14.98051053,14.38104146,13.79825851,13.27413405,12.84631643,12.51848815,12.28100306,12.11536431,11.95562744,11.74474882,11.49247919,11.2241808,10.96720756,10.73021439,10.51357384,10.30953671,10.09669985,9.879729228,9.69390387,9.561872481,9.458005894,9.331152353,9.160188372
Lao People's Democratic Republic,70.08800848,66.81289136,64.12784419,61.79644363,59.66460637,57.78012227,56.069124,54.39498432,52.78979226,51.19223679,49.60881847,48.03492795,46.3768376,44.66109566,42.93844047,41.17118176,39.35086197,37.51127374,35.57282719,33.67344917,31.71714735,29.82399354,28.09313118,26.44886332,24.95027999,23.6488585,22.59499997,21.81236924,21.23626743,20.84372363,20.53116734,20.24786938,19.93916936
Latvia,19.29894552,20.01085555,20.50811447,20.67002679,20.40004913,19.78775295,19.00409708,18.16690106,17.33410423,16.53765911,15.76941538,15.01699687,14.26602485,13.55139708,12.87581427,12.23892036,11.63586789,11.05221554,10.47382867,9.897420551,9.342628945,8.862724937,8.469003149,8.173846024,7.96556009,7.817506787,7.689955489,7.553856871,7.377818006,7.153362995,6.877405334,6.572458512,6.27212627
Lebanon,46.02016496,15.24183416,14.82223229,14.42374212,14.04740965,13.68144405,13.33057212,12.9822683,12.63772414,12.29035932,11.94837723,11.6045988,11.2520525,10.90821325,10.58192583,10.27651771,13.70226308,9.781035718,9.591708546,9.440648282,9.328818595,9.257086232,9.22410751,9.234047606,9.287105695,9.371277802,9.497273708,10.31527162,9.886155973,10.14618023,10.44723013,10.77622398,11.12083479
Lesotho,47.85646915,47.97049974,48.41906804,49.03574639,49.88570716,50.8843382,52.0503053,53.20764331,54.39022521,55.55643858,56.51527797,57.09143247,57.23267825,56.99373048,56.40582104,55.52930607,54.36920469,52.99541199,51.52122558,50.03866307,48.46577738,46.89339294,45.38140207,43.8271591,42.36148099,40.98085994,39.87570264,39.03744596,38.55776177,38.0836489,37.73594756,37.52858231,37.23100287
Liberia,144.1967116,69.3687266,68.92740676,68.57498093,68.05242451,67.3343099,66.55839047,65.67396825,64.64713132,63.4898102,62.23357313,60.91909723,59.56974814,70.70696335,56.86025247,55.46156448,54.14478952,52.86459376,51.65763793,50.62222134,49.68806023,48.88465995,48.29236477,47.83937432,50.28361882,53.84851396,47.24688842,47.20844556,47.28102991,47.20072113,46.91841677,46.62171557,46.06050884
Libya,18.13778511,17.63670304,17.0824231,16.5302792,16.00553504,15.4828593,15.01275864,14.56680979,14.18159778,13.83703942,13.53882077,13.26499275,13.01198894,12.76985341,12.51385885,12.25719059,11.98009916,11.71447063,11.43935436,11.19364509,10.95641655,12.86887481,10.57794754,10.40845122,10.23346354,10.07458562,9.900191125,9.74676173,9.59203719,9.45403371,9.317336367,9.163772785,9.049152013
Lithuania,16.4208051,16.99037062,17.43555607,17.66220447,17.58250822,17.24667381,16.7709776,16.26575567,15.81717678,15.49128014,15.23664679,14.96609105,14.6362352,14.30992646,14.05100702,13.82096036,13.54328772,13.16870115,12.68373604,12.08754617,11.44075152,10.81616735,10.24071822,9.680983268,9.108288425,8.551608065,8.047187388,7.619048087,7.262296381,6.972947495,6.732347054,6.512947037,6.307902639
Luxembourg,11.34423387,11.08221507,10.72805263,10.27671424,9.742854342,9.134802549,8.492589548,7.862266197,7.263005524,6.721072019,6.25100465,5.849955885,5.500995371,5.19253685,4.916893902,4.664298968,4.421339927,4.192948081,3.97165177,3.75834736,3.550462826,3.352538009,3.168140546,2.999936228,2.850961783,2.725574666,2.620446439,2.538719755,2.476201309,2.425168767,2.385863692,2.356915309,2.332532145
Madagascar,66.99198168,64.65063984,62.49509714,60.52328864,58.73328689,57.10398124,55.71020941,54.43142132,53.27440153,52.16059782,51.10864395,50.08976184,49.05719653,48.06125631,47.05455418,46.05420637,45.06279799,44.02665977,42.9944218,41.99454565,41.01308603,40.07895269,39.24054063,38.48801749,37.90935706,37.46750721,37.22786991,37.0522062,37.01368054,37.14688228,37.42337193,37.71290848,37.90422388
Malawi,77.02996238,76.88440515,77.03656207,77.55426417,78.15710698,78.8228248,79.11179772,78.92975096,78.04551643,76.40251723,73.98396204,71.0874888,67.82227448,64.56905452,61.3954767,58.44256901,55.6249562,53.04618754,50.69005554,48.52652312,46.49752382,44.50132253,42.54802079,40.64285377,38.84834927,37.20057309,35.68334136,34.35193837,33.24503625,32.30593535,31.61066016,31.12750449,30.65899902
Malaysia,16.34350053,15.33289782,14.69568882,14.51253301,14.61447384,14.69816553,14.54476531,14.14575209,13.54754802,12.93067401,12.497275,12.30099108,12.1493516,11.85094123,11.40995826,10.93642518,10.52135189,10.23261182,10.12600282,10.12433748,10.0920518,9.963740308,9.813831695,9.726323284,9.707295385,9.711789569,9.667384459,9.414695723,8.842679323,8.143731164,7.599770417,7.317065562,7.194622989
Maldives,21.10761972,19.28799127,17.72390247,16.37671796,15.21056076,14.1721026,13.27131999,12.46938395,11.76253349,11.12257036,10.53312065,9.99741949,9.532504348,9.13182591,14.1913779,8.546389928,8.34633874,8.18909594,8.057643834,7.934571618,7.800941606,7.647797413,7.459835275,7.236127924,6.97746508,6.686483222,6.373603925,6.048858333,5.732981529,5.428709054,5.154228358,4.92359919,4.744901163
Mali,74.61005242,73.21459703,71.88701074,70.60662176,69.39464164,68.16488453,66.93825108,65.68242036,64.40394417,63.07486927,61.71764157,60.3638952,58.96057905,57.59647379,56.28772307,55.00012508,53.77215162,52.65656918,51.59714534,50.62841267,49.72571307,48.95655577,48.29074797,47.62872064,47.02984109,46.49586424,45.97358313,45.45497615,44.9422791,44.42078181,43.89133238,43.34969642,45.670974
Malta,5.824395092,5.847633683,5.865659513,5.868095359,5.862484379,5.844339845,5.806863913,5.755434579,5.697011033,5.618351581,5.530991847,5.43148628,5.324506735,5.210598056,5.085415215,4.952311478,4.818016197,4.673224561,4.533213268,4.391611977,4.252293734,4.119577116,3.991444189,3.872804985,3.76783085,3.678960715,3.602919939,3.540510613,3.493332276,3.460975141,3.441615589,3.441312207,3.450011636
Marshall Islands,24.69631828,24.12143804,23.59163999,23.12663535,22.79689605,22.62645298,22.59035276,22.64434596,22.7486292,22.84705986,22.90047931,22.9021804,22.86290996,22.76669807,22.64223238,22.53631343,22.40732983,22.25656635,22.12275661,21.97818125,21.81047467,21.66394222,21.44284701,21.17638255,20.84636703,20.51547453,20.16915559,19.84735213,19.49770136,19.12454863,18.72950102,18.33847399,17.95254493
Mauritania,40.9180112,39.28558509,37.85164217,36.50669964,35.24703927,34.113373,33.11932784,32.13225914,31.21244122,30.39985213,29.57844626,28.86228676,28.14083543,27.49254511,26.88614097,26.33811813,25.82144128,25.36065722,24.97158597,24.60579563,24.29567575,24.00116163,23.78749993,23.64240573,23.54470359,23.50155985,23.52007823,23.59489567,23.74645193,23.79641926,23.69021265,23.64973875,23.43511931
Mauritius,11.99273098,11.91135686,11.80119343,11.65461954,11.45630405,11.21466203,10.94375004,10.66291052,10.38360457,10.12585552,9.900532601,9.711527234,9.558519481,9.440690641,9.359285143,9.30216512,9.270530074,9.251978065,9.240215648,9.235610941,9.231838369,9.234648401,9.245663863,9.265986251,9.296754286,9.33269549,9.370079918,9.402193301,9.419211774,9.417546589,9.41179796,9.382795649,9.3307351
Mexico,16.66787747,16.0408447,15.45505984,14.94778845,14.558634,14.24592763,13.95825575,13.63884916,13.27034047,12.83114617,12.39452243,12.04668471,11.8255867,11.67660436,11.54175444,11.48360392,11.60799524,11.97376136,12.51718876,13.13987827,13.62074675,13.65478892,13.16825735,12.54293879,12.14164447,12.0396093,12.21257247,12.61464374,13.09381899,13.46609027,13.6496097,13.61686893,13.39525299
Micronesia (Federated States of),25.23169234,24.82910266,24.49225389,24.1903006,23.89849683,23.5763738,23.23631552,22.83921773,22.43724021,22.04013521,21.65650179,21.33414696,25.84024647,20.91114908,20.80949086,20.74540132,20.75092473,20.73163073,20.63132167,20.44848548,20.19424419,19.92529747,19.62942764,19.28635392,18.95536149,18.57173969,18.23312439,17.889406,17.50567831,17.16019848,16.78774235,16.47507105,16.14986533
Monaco,8.211386393,7.959546487,7.713756467,7.478679147,7.257907708,7.044701884,6.842153591,6.653352773,6.474729643,6.308878441,6.16055977,6.021964777,5.894772983,5.781378603,5.677828673,5.582523307,5.490487652,5.402563032,5.315822846,5.233214724,5.151794305,5.07503877,4.991158454,4.901938858,4.806263042,4.709696113,4.610493701,4.512875315,4.410719357,4.325968824,4.228475084,4.133615962,4.041721367
Mongolia,26.9741952,27.81366864,28.51074602,28.88447652,28.72968643,28.01221674,26.7874032,25.16139215,23.28193154,21.29797105,19.47184048,18.07552219,17.18873208,16.67020145,16.38259316,16.19897575,15.97633626,15.65318347,15.28376062,14.92152612,14.5832023,14.24646394,13.91109822,13.56640513,13.21352039,12.84625189,12.45560472,12.06161033,11.70617902,11.44080186,11.25831092,11.12531867,11.01849451
Montenegro,8.86962155,8.721149439,8.525010593,8.30973229,8.116372228,7.964532367,7.873859656,7.847583591,7.842652829,7.821487591,7.759919921,7.673125036,7.54946599,7.392065904,7.216586429,7.009813389,6.761004792,6.468973035,6.148112853,5.813516732,5.500439528,5.233828712,5.031964987,4.888356635,4.795036293,4.751331141,4.745720076,4.775648299,4.848426693,4.959895787,5.106603249,5.287923171,5.480266063
Montserrat,16.24110898,15.76325881,15.32583215,14.90589052,14.5058608,14.11759597,13.74487074,13.38865012,13.06466928,12.73395221,12.41106473,12.11279127,11.81866477,11.54119083,11.24891176,10.98151183,10.71695139,10.46341712,10.23389289,9.984838082,9.763650284,9.544820046,9.298890391,9.085071992,8.886769697,8.682272245,8.47416894,8.261259238,8.071170392,7.880335012,7.695753397,7.517020057,7.327779804
Morocco,21.60681149,20.77890048,20.00819991,19.26336242,18.53301851,17.81461737,17.10169133,16.37684173,15.67762627,14.9871106,14.32295546,13.70047195,13.14943944,12.64394172,12.1606522,11.73577558,11.33949613,10.97809793,10.62964067,10.31722654,10.04040499,9.792146447,9.604456642,9.448929547,9.35130764,9.252515672,9.148260075,9.049013257,8.996876876,8.927790118,8.855848577,8.770798112,8.700509296
Mozambique,97.25528244,94.00854307,91.04135551,88.4269312,85.85713083,83.56255238,81.33132758,79.21140254,77.08113822,74.91128472,72.65337989,70.43137589,68.2561583,66.16966014,64.18684719,62.35643683,60.72395598,59.24370565,57.90559416,56.69277253,55.57237935,54.67410864,53.6784394,52.95184049,52.27492064,51.74191563,51.22624526,50.91128975,50.55379862,50.28653849,49.91359236,49.43984301,49.14039438
Myanmar,57.55653617,56.59375384,55.7907722,55.41724736,55.24488308,54.99917388,54.38925511,53.51986572,52.2423726,50.555066,48.58492654,46.47003628,44.21254976,41.85125697,39.16117914,36.57553118,34.04413305,31.62021777,75.85488537,26.87048671,24.6375319,22.55155738,20.64217815,18.93275609,17.47516334,16.38819307,15.62550139,15.1018035,14.7589412,14.48633058,14.2934361,14.15518448,14.01163481
Namibia,41.57532709,41.34721417,41.2791203,41.33612432,41.52033466,41.87793867,42.29939193,42.84899361,43.43922114,44.0564161,44.56777704,44.95984441,45.14569603,45.04254224,44.68671321,44.05274601,43.29981935,42.46977669,41.65679611,40.90122723,40.2180147,39.61833735,39.14246092,38.77751466,38.51949344,38.36617893,38.3380964,38.26390776,38.10426519,37.94640087,37.7304116,37.51022808,37.25434021
Nauru,30.61408787,29.64938677,28.72388134,27.80334638,26.94051417,26.13875802,25.38656037,24.70879834,24.07850566,23.49031357,22.96731077,22.51717032,22.13460391,21.84117617,21.63331352,21.51478433,21.45999629,21.45390417,21.448042,21.35740124,21.2060011,20.94927944,20.66534637,20.31653216,19.96686194,19.61577001,19.26920707,18.90713447,18.50173201,18.14485004,17.77985392,17.41119002,17.0776837
Nepal,46.34128104,44.43362242,42.5369009,40.73390085,38.88766591,37.08660521,35.24215557,33.4469522,31.68296138,30.01794399,28.45953771,27.00406642,28.30695138,24.47161742,24.87050429,22.45193823,21.61111223,20.85264486,20.19421162,19.60241856,19.09335338,18.61752762,18.18152124,17.77865106,17.38763586,22.07307403,16.69211512,16.37686241,16.1228588,15.85974161,15.68435992,15.49567568,15.37228893
Netherlands (Kingdom of the),6.373533421,6.284831465,6.195891853,6.107536453,6.019171616,5.93499533,5.854272596,5.77560565,5.695265663,5.601743836,5.477926351,5.309284126,5.091878976,4.847109118,4.599076933,4.36426277,4.157813033,3.982645227,3.832293769,3.699538625,3.5819398,3.476284829,3.382517192,3.303314981,3.241041014,3.196537892,3.169215916,3.160629616,3.166781218,3.187021841,3.21979486,3.268799605,3.329654643
New Zealand,13.84358287,13.32123269,12.77245567,12.306802,11.91578459,11.5501882,11.16403536,10.74558282,10.2786207,9.813520324,9.403517326,9.072430686,8.810955056,8.6003999,8.426484672,8.272700027,8.122793577,7.970930083,7.804511831,7.61225643,7.378476528,7.389580347,6.809384512,6.52602479,6.284579981,6.109978741,6.010906346,5.954937024,5.906616495,5.850430885,5.785391274,5.709992881,5.624011017
Nicaragua,28.07234532,27.40704546,26.73838427,26.05921106,25.37878426,24.69517724,24.03431391,23.37884157,32.91277201,22.09345764,21.48071612,20.8814788,20.34477539,19.84419393,19.34455156,18.87261196,18.41612297,17.97755968,17.56442995,17.17041668,16.78091997,16.41911977,16.08749198,15.77127579,15.44535777,15.13897766,14.84932483,14.58885454,14.34161505,14.06719768,13.80834054,13.56735348,13.31959698
Niger,100.7662299,98.89577961,97.26764398,95.6823368,94.14029185,92.6483938,91.20308175,89.8288028,88.42276399,86.93524652,85.52689644,84.00825409,82.43518223,80.77927496,79.1507206,77.52552736,76.02711487,74.56961177,73.20887611,71.86715606,70.66721804,69.53628948,68.45613578,67.51300059,66.75400217,66.02913391,65.4391196,64.78396471,64.24776389,63.78187157,63.3887741,62.77298431,62.11303593
Nigeria,76.25438923,74.28035568,72.46008511,70.64296604,68.93890935,67.26773711,65.57701475,63.89504747,62.36960907,60.83399766,59.3809477,57.98680253,56.67746328,55.39005227,54.19586688,53.01327634,51.85363287,50.68758895,49.57710072,48.50489975,47.45935919,46.4693962,45.50505129,44.59796491,43.69719582,42.83287456,42.00801561,41.21643637,40.44137454,39.71527626,39.01868055,38.35397816,37.83593938
Niue,16.79416496,16.91385271,17.04909374,17.23713579,17.47908254,17.78399918,18.11349244,18.46339713,18.81165643,19.17559503,19.52055018,19.83934533,20.17911707,20.53846962,20.87352605,21.10330597,21.16976926,21.15901313,21.03421682,20.83221496,20.59486208,20.30280133,19.98284121,19.60193455,19.21830108,18.86879869,18.51252424,18.1685694,17.8091034,17.44213161,17.09925502,16.76303553,16.43637356
North Macedonia,8.57035349,8.626164563,8.612691007,8.545081534,8.454685972,8.355095233,8.276550981,8.218918546,8.158977947,8.069133992,7.932035322,7.71757669,7.420965684,7.088985018,6.751189435,6.434495344,6.148429446,5.900410473,5.673987421,5.455376955,5.255943062,5.086449773,4.95828893,4.860996896,4.785374909,4.732574133,4.697179363,4.688554259,4.708632189,4.773136505,4.876289544,5.003224931,5.145029568
Norway,7.903184806,7.590528579,7.326764518,7.117445942,6.957844383,6.869067697,6.879900794,6.992457197,7.161477634,7.319741789,7.401626222,7.354798528,7.156308685,6.871794268,6.561747035,6.270210529,6.020975524,5.827642055,5.65670209,5.481334289,5.266432122,4.984566293,4.648676572,4.333462277,4.087783157,3.923756318,3.838976589,3.813614581,3.814942517,3.806814421,3.775257297,3.716708408,3.642233293
Oman,17.66261548,16.65890733,15.72676057,14.86495116,14.07651205,13.37024028,12.74292783,12.1745976,11.65790782,11.19282928,10.76517963,10.39327576,10.06892981,9.799073553,9.579459231,9.407422315,9.273891971,9.571001047,9.100412816,9.044634555,8.993205112,8.940798785,8.889942364,8.84247294,8.80124205,8.765313344,8.730950426,8.685735041,8.619391393,8.532936716,8.436402082,8.337560108,8.23053057
Pakistan,34.70995635,34.26476839,33.82933184,33.30708896,32.64534195,31.86021482,30.99941269,30.08394882,29.16614689,28.28601345,27.44319536,26.65941835,25.93472455,25.30865641,24.82718403,30.9595396,24.20423787,23.99353239,23.81032915,23.61832914,23.42152436,23.26008291,23.06713082,22.89508747,22.75952888,22.6163138,22.43552518,22.34208431,22.22312259,22.05044571,21.90949499,21.7796728,21.5850535
Palau,23.25166054,23.19084222,23.1047606,23.08674697,23.10634852,23.16432371,23.26587662,23.43314606,23.60630385,23.81363835,24.09045033,24.34952137,24.67231622,25.02748687,25.42776969,25.88608122,26.37255272,26.84764088,27.3813423,27.97439343,28.51589159,29.13196897,29.75403909,30.28232432,30.90098772,31.55512867,32.29461925,33.00299694,33.83792128,34.65858721,34.95924556,35.10804085,35.03488509
Panama,15.95988994,16.13258213,16.40465106,16.63623658,16.69689799,16.56086817,16.24753681,15.80838067,15.31626135,14.82707644,14.39533324,14.04868318,13.81310134,13.70173416,13.73163594,13.94353401,14.41010905,15.13421405,15.90917962,16.47115629,16.72061922,16.66828104,16.3467626,15.80071565,15.10333231,14.3813781,13.78286844,13.36050334,13.06028941,12.82845777,12.62490927,12.41736544,12.19149408
Papua New Guinea,35.65333694,35.21450928,34.79737159,34.39958739,34.01350801,33.64608853,33.28313638,32.93866912,39.19427171,32.2878041,31.95491119,31.61799102,31.26823137,30.91526974,30.54800186,30.15359964,29.76950563,29.35548519,28.92575305,28.50517936,28.06150946,27.63564501,27.20483873,26.78393402,26.35699235,25.92069539,25.43658676,24.94434276,24.48079797,24.00067175,23.52807886,23.07981461,22.57478304
Paraguay,24.12783427,23.61291591,23.13284371,22.6471315,22.20218873,21.76618655,21.35332252,20.96885887,20.60662408,20.25960352,19.92250208,19.58593475,19.23947484,18.91007482,18.58478727,18.25455116,17.92037771,17.57803172,17.23996357,16.91432301,16.59900717,16.27809406,15.97703758,15.6721837,15.3879179,15.08403909,14.79676728,14.51744059,14.25463101,14.01681099,13.7359722,13.46862235,13.20988271
Peru,27.91853978,26.86124872,25.76806037,24.65846892,23.51249854,22.36420427,21.25203578,20.18986006,19.18635266,18.25737513,17.41729244,16.66354131,15.9911339,15.38963572,14.82501622,14.29031498,13.78632526,13.29952287,12.84750747,12.41988876,12.03252597,11.70525482,11.4430839,11.22315092,11.02355183,10.85022115,10.7255208,10.6443974,10.5660298,10.47465888,10.43144138,10.4112017,10.3394047
Philippines,22.78570598,22.70293695,20.54617041,19.53344606,18.65432809,17.94804567,17.41282176,16.99280438,16.64667915,16.35584388,16.11057022,15.91019188,15.73639424,15.58202183,15.46155217,15.40000247,15.3987858,15.4126345,15.39422817,15.30737353,15.12533293,14.85940819,14.58252151,15.20070579,14.18634074,14.04489452,13.90254789,13.73620402,13.53528113,13.37908067,13.39619144,13.62310904,13.89723482
Poland,11.22680935,11.26719466,10.87117446,10.32170901,9.89363407,9.623611108,9.457534294,9.333131589,9.16349585,8.875730912,8.513552297,8.160826123,7.875677966,7.664710053,7.521708196,7.442467716,7.415964225,7.414117232,7.380135934,7.258932782,7.071862953,6.873272708,6.687281383,6.47979099,6.219475618,5.956737897,5.765793525,5.680038819,5.67373555,5.714885459,5.787876065,5.893280692,6.011051893
Portugal,14.85531915,14.76586985,14.43409637,14.00683115,13.60725701,13.23773148,12.82618405,12.32973761,11.72679437,11.01581404,10.24164369,9.468127366,8.741812971,8.088953715,7.529354149,7.040434212,6.58970812,6.158935758,5.746120893,5.350279473,4.978283885,4.631787546,4.32134232,4.063651309,3.869698475,3.732446237,3.64676434,3.606312577,3.605019646,3.641104202,3.714880987,3.823417663,3.955556636
Qatar,10.98802687,10.74577692,10.55502333,10.39624792,10.26879152,10.15877126,10.06438237,10.00060398,9.982225813,10.02298327,10.11736827,10.26066731,10.40688007,10.49784966,10.49113112,10.35486565,10.073514,9.685494384,9.213961171,8.713548638,8.224728081,7.768478016,7.330119003,6.897510475,6.485640256,6.118425622,5.802589629,5.553650438,5.384759859,5.28203807,5.237324221,5.237334599,5.255728256
Republic of Korea,13.22994431,12.80892877,12.45666291,12.22388226,12.04576875,11.79182238,11.3456036,10.64687785,9.676770442,8.63424078,7.726864948,7.031572177,6.491633465,6.060230195,5.728938565,5.502526516,5.369822731,5.290542984,5.217904119,5.104812783,4.904544792,4.613778729,4.301213161,4.027667554,3.809678769,3.65109037,3.552531349,3.507782584,3.513387891,3.555006012,3.609411756,3.658567984,3.689835985
Republic of Moldova,18.02619714,17.74199417,19.65264681,17.19462846,16.78506659,16.26768838,15.68682742,15.07441063,14.45190566,13.83882758,13.23711569,12.65580903,12.10626288,11.62370391,11.23080488,10.92190149,10.67123552,10.45032923,10.24459298,10.03220611,9.823535817,9.643407348,9.509494979,9.426866159,9.398787311,9.411041852,9.441030986,9.478107866,9.502496439,9.511203744,9.50064814,9.479209826,9.439013198
Romania,13.90335303,13.10085883,12.85588782,13.02798084,13.48557972,14.03070802,14.36514972,14.25128944,13.70666927,12.8337079,11.85000167,10.98719802,10.34488596,9.853534687,9.454839189,9.220306404,9.292621073,9.668662201,9.991368017,9.872998595,9.356309317,8.7151726,8.131664581,7.660365435,7.33127859,7.10616453,6.915517493,6.731566369,6.593760376,6.532686277,6.496090937,6.392237164,6.180358352
Russian Federation,19.03348181,20.25385896,22.00914444,23.92524596,25.07024704,27.61857059,24.40411756,24.37324985,24.85436484,25.39369471,25.58756619,25.2469481,24.29297233,23.03599335,21.9204988,21.08017482,20.21607157,19.08185562,17.79841903,16.63236242,15.70612337,14.97285671,14.3704335,13.77245403,13.05190512,12.18145777,11.29643029,10.51799406,9.921634035,9.564797833,9.445377723,9.442631649,12.22939084
Rwanda,124.8528249,141.9598373,147.4163041,161.8859445,901.5019703,177.062965,171.5632033,158.807777,140.8481869,121.9434411,105.1586686,91.21134168,79.98799645,70.96710566,63.28446031,56.46785819,50.32353211,44.94518205,40.39070128,36.66096082,33.7807949,31.597277,30.06117346,29.00099209,28.23921705,27.53206002,26.89959619,26.40237862,26.15189382,26.18493265,26.4081765,26.83910617,27.44436248
Saint Kitts and Nevis,12.06669911,12.49471216,13.03345933,13.66646535,14.38357719,15.06859782,15.71848952,16.24058584,16.61832707,16.80554368,16.85766637,16.87460363,16.90384685,16.98761738,17.13180549,17.36155531,17.68174369,18.0755186,18.5175463,18.98637309,19.42752607,19.82248411,20.16234238,20.49661403,20.7520857,20.93792479,20.99595762,21.03958649,21.04477526,20.95510972,20.99176568,20.9360603,20.88917529
Saint Lucia,15.54486601,15.18428194,14.90145475,14.65043346,14.43984855,14.25906747,14.09813944,13.98563089,13.90347803,13.82624383,13.73996737,13.65333005,13.53141662,13.37216668,13.19444149,13.01226186,12.823947,12.64360398,12.47114139,12.31478325,12.16516053,12.02536527,11.93085178,11.88303148,11.91296058,12.03944543,12.2647555,12.58775642,12.99852752,13.47723723,13.99853974,14.51448101,14.87016061
Saint Vincent and the Grenadines,12.57119647,12.91225641,13.22574632,13.49519868,13.71350712,13.87268948,13.98989066,14.04086875,14.03689361,13.96813968,13.86887519,13.75330787,13.67974896,13.65511341,13.69198834,13.77524573,13.89770342,14.04725609,14.22270403,14.43313876,14.68364333,14.9616015,15.24911768,15.56741609,15.85911376,16.11156925,16.25699943,16.333523,16.34299314,16.28384647,16.21729628,16.12503676,15.9713559
Samoa,43.54420191,38.22285343,34.19403711,30.94670816,28.2902808,26.04547724,24.15937936,22.55917079,21.28375184,20.22553602,19.2939539,18.45631953,17.72110923,17.00468575,16.33666647,15.68643669,15.06942369,14.45804793,13.87915975,24.80935443,12.85554903,12.39876335,11.99901072,11.67065072,11.40577912,11.18846054,10.97586709,10.83070435,10.70600616,10.58661095,10.50559092,10.42391415,10.33791302
San Marino,11.66325307,10.92765601,10.24853091,9.599232085,8.995944453,8.453328348,7.937696324,7.46176372,7.01812708,6.605488623,6.235391586,5.903978301,5.581380483,5.291819676,5.034616241,4.790388842,4.567388352,4.365692477,4.184025113,4.010947411,3.854899614,3.70234072,3.56241473,3.429974319,3.299342643,3.178918689,3.065022723,2.958164142,2.857184056,2.770734841,2.696788542,2.621469765,2.552760854
Sao Tome and Principe,60.46742022,56.44448939,53.34028035,50.46467701,48.0723323,45.89027906,43.77020019,41.78547694,39.90978097,38.23771411,36.6335892,35.15672524,33.78945615,32.51987606,31.36092981,30.30500253,29.37146779,28.56887592,27.90912897,27.40621324,27.13352595,27.01799774,26.91730079,26.77854761,26.45107085,26.17188921,25.81343306,25.58613683,25.39332903,25.17491148,24.9899867,24.83655182,24.69665696
Saudi Arabia,31.20908516,28.396218,25.90022294,24.01694761,22.38228756,20.97891112,19.82463877,18.91130603,18.09587833,17.52729486,17.06452677,16.64188954,16.26327539,15.93416776,15.66047128,15.39106053,15.13040405,14.85440739,14.5731537,14.28191808,13.98319598,13.74290647,13.46586529,13.1930951,12.94853298,12.70003044,12.48683273,12.32547377,12.16851928,12.06530134,11.95791897,11.89546377,11.84542516
Senegal,57.54460629,56.41020036,55.72594886,55.38176593,55.46569531,55.70948227,55.95418398,56.08022033,55.91390492,55.25505517,54.10105483,52.49437923,50.57007181,48.43465358,46.23495567,44.09611471,41.97242883,39.90822964,37.91284307,35.98480753,34.10820067,32.27474297,30.51385592,28.82105115,27.21638365,25.70575242,24.27547311,23.04682356,22.04141358,21.34782363,20.79686773,20.31294709,19.99234621
Serbia,10.27772337,10.90757866,10.71444373,9.965174771,9.071838691,8.425529104,8.335434066,8.873008033,9.541310647,9.659683974,9.1788339,8.49309503,7.887937178,7.490114056,7.366487077,7.407213547,7.390088645,7.180600463,6.831870114,6.421989363,6.033524405,5.738265204,5.551103271,5.410677818,5.256996451,5.097851692,4.973073766,4.902202858,4.888328405,4.922110535,4.993769297,5.096785216,5.222129729
Seychelles,12.25664655,12.15444046,12.09121943,12.05062931,12.05689068,12.08756101,12.13022413,12.16941016,12.17586923,12.14420394,12.08485331,11.97500171,11.85039221,11.68279313,11.49886947,11.30186477,11.08470426,10.8824208,10.69252018,10.53927653,10.43667445,10.38660175,10.39137783,10.46661577,10.59852886,10.78994226,11.00821072,11.1813681,11.27049258,11.29150269,11.27877923,11.29480796,11.22281531
Sierra Leone,104.0931897,99.76543997,95.67283135,92.45041078,89.62823246,94.73153989,84.71490679,82.81583502,81.15828227,79.7664601,78.67341793,77.72528979,76.9523192,76.22602544,75.51238027,74.70315824,73.76827194,72.76257654,71.67519218,70.58407023,69.69599609,68.8711599,68.15844235,67.45030497,66.86341196,66.1257365,65.3224587,64.4152049,63.52104398,62.60129981,61.75230821,61.13619962,60.51324556
Singapore,8.230386982,7.572716369,7.069111897,6.685584056,6.388416488,6.154182223,5.948442838,5.760282232,5.605870888,5.50103705,5.42533803,5.351485437,5.251607559,5.095020998,4.863667929,4.59571618,4.344624117,4.134525037,3.96119573,3.811713296,3.679786874,3.559815845,3.446738601,3.34253157,3.24296097,3.157359919,3.092617199,3.055206742,3.047085633,3.072220915,3.130368226,3.215316563,3.315419216
Slovakia,9.397838155,9.324286496,9.227933107,9.10811086,8.966864393,8.808669865,8.63846007,8.462501554,8.278066471,8.084473924,7.88681047,7.691683112,7.506667711,7.331594117,7.16937394,7.01888862,6.877250731,6.744434359,6.614632238,6.483074767,6.354962332,6.22703164,6.106406176,5.990797371,5.882687104,5.781016633,5.686640802,5.596770913,5.508254042,5.422012054,5.335850006,5.248720259,5.16158677
Slovenia,10.82628471,10.70553805,10.57683931,10.41469393,10.19311626,9.924739347,9.636043055,9.341380912,9.043711486,8.756585632,8.472086873,8.196406362,7.917513862,7.63484426,7.343852252,7.046092714,6.732117978,6.408511692,6.086247049,5.77285616,5.47814129,5.208184077,4.973092398,4.766482471,4.57598849,4.397788443,4.216428903,4.031601343,3.844288801,3.658384136,3.475960822,3.30197626,3.1426847
Solomon Islands,21.45873138,21.10083635,20.75341089,20.40519237,20.08503313,19.80171636,19.55096745,19.33414006,19.13228909,18.94931483,18.78718145,18.65143482,18.54382982,18.43806659,18.32685379,18.21139909,18.05419407,18.78024407,17.6368042,17.36610934,17.08787664,16.79514397,16.50616803,16.20544127,15.90224088,15.6040908,15.31772574,15.02933843,14.72207316,14.4358915,14.93185275,13.8737291,13.61224223
Somalia,93.12495187,91.73216149,90.80000436,90.37447752,90.28124158,90.28048052,90.28048052,90.28048052,90.28048052,90.28048052,90.28048052,90.28048052,90.28048052,90.28048052,90.28048052,90.25911838,90.02943968,89.26011728,87.9105865,85.98311845,88.21488393,86.19553099,79.98643671,77.97003979,76.1546432,74.34889198,72.63144585,70.80136787,69.095778,67.50120285,65.90983353,64.37283852,68.44069698
South Africa,29.02558936,30.13203922,31.38630579,32.75568744,34.30768895,36.03094987,37.86568601,39.72824765,41.71253119,43.69739707,45.62920445,47.47029171,49.0450807,50.15678347,50.59335538,50.28676346,49.16682753,47.25564902,44.85807299,42.15921678,39.39977802,36.77958992,34.40579748,32.36466394,30.67342447,29.29568519,28.2376333,27.39835022,26.80567669,26.44443626,26.27820981,26.26730627,26.38605932
South Sudan,120.1479692,118.3369271,116.2777873,114.0691902,111.6840527,109.1679634,106.4827371,103.6553946,100.5942884,97.38520677,94.03459452,90.50932211,87.06233697,83.79195099,80.55824588,77.50362311,74.56058715,71.78174956,69.10850984,66.63149578,64.2290274,62.0879443,60.57623897,59.80966337,59.61241884,59.60013564,59.60013564,59.60013564,59.60013564,59.60013564,59.60013564,59.60013564,59.60013564
Spain,10.60525777,10.13372485,9.429814045,8.675611199,8.021059491,7.570063202,7.337691735,7.222300325,7.125760232,7.004654035,6.843973785,6.638375772,6.4064135,6.161027937,5.900908646,5.617093825,5.301316998,4.952501045,4.569324802,4.185284501,3.835129925,3.539901326,3.309520093,3.150068041,3.051027487,2.997644412,2.973662053,2.956873122,2.926144947,2.900404951,2.913855186,2.977634947,3.057540869
Sri Lanka,27.26931219,25.70912972,24.42010524,23.4086635,22.62653826,22.0483701,21.61963122,21.29585715,20.97822487,20.42178415,19.44781542,18.13707163,16.69626067,15.33032913,40.47343081,13.63026632,13.55389314,14.13666014,15.27802015,20.56785202,15.80612763,14.26122722,12.23665369,10.3005961,8.803155965,7.870143695,7.359393577,7.063512894,6.878772933,6.737471849,6.646883573,6.568310229,6.491638258
State of Palestine,17.44643471,15.65390268,15.37193725,15.10353984,14.8636838,14.61639105,14.39069631,14.16549842,13.95786492,13.76250398,13.57420815,13.40333894,13.24949308,13.10224343,12.95647993,12.8074269,12.65797623,12.51010089,12.36826518,12.22568251,12.08701697,11.94417164,11.8108333,11.67989036,18.96015308,11.41700472,11.27090684,11.09146805,12.6076433,10.76947989,10.59909491,10.43100719,10.28562589
Sudan,70.77310377,69.71684305,68.50885923,67.21113128,65.79213983,64.30205293,62.7135969,61.12326314,59.4580557,57.78013751,56.08807744,54.42863074,52.75158,51.19817466,49.69720503,48.24976295,46.87640231,45.60622447,50.6446526,43.33853698,42.30859771,41.34524394,40.4397193,39.55539373,38.68637149,37.8706722,37.06583731,36.22935599,35.46060046,34.70016128,33.95997756,33.1933062,32.47600004
Suriname,18.64878777,18.86241106,18.96495373,18.80129154,18.31446871,17.66359627,17.00139003,16.42108932,16.0096492,15.78081947,15.67232624,15.61314804,15.59673425,15.64350016,15.75834764,15.92327148,16.11756036,16.28422796,16.35896816,16.28401729,16.0553544,15.68942261,15.27409154,14.91208652,14.65868675,14.53981531,14.56707746,14.71030735,14.9236264,15.15674152,15.34203861,15.41391022,15.43265491
Sweden,6.575224547,6.255334001,5.927455245,5.633364482,5.401800713,5.240191627,5.155841219,5.144317654,5.179636428,5.236275492,5.294656458,5.34133476,5.359940454,5.342743296,5.277975229,5.175021451,5.048798593,4.910101577,4.770910944,4.635721314,4.509317777,4.39707162,4.301404277,4.225677747,4.171753896,4.139674293,4.130154544,4.138977778,4.143712715,4.12031494,4.06472102,3.987386123,3.894249909
Switzerland,10.33762115,10.12240173,9.808647117,9.420881218,8.988874343,8.533738942,8.079529456,7.648433354,7.250267663,6.892849691,6.577097432,6.297297663,6.049437064,5.815424163,5.58585171,5.3533117,5.112379745,4.860338117,4.603718271,4.346971184,4.101533784,3.885311887,3.706459438,3.56596306,3.465427559,3.399949451,3.363981148,3.350822512,3.350272202,3.354681585,3.353295092,3.349821035,3.337956587
Syrian Arab Republic,24.58710772,23.51109327,22.4651523,21.42961833,20.39244225,19.32400972,18.19175104,17.00406499,15.75278969,14.45109064,13.15185177,11.97493195,11.00694776,10.30690722,9.918263452,9.819258692,9.856092104,9.880848523,9.863898096,9.840406212,9.830617751,18.66053266,59.28618341,67.99836761,64.46556413,73.18260015,56.99005458,58.1918045,54.60049137,26.9673502,18.27481886,13.88763493,16.98563878
Tajikistan,18.93972412,21.63507593,25.67605159,26.94642669,27.9396425,27.20262499,30.6368772,21.94236463,18.95731597,16.32249127,15.49544672,12.4963375,11.23665291,10.31705708,9.63651182,9.110842046,8.672199119,8.288226403,7.933514922,7.607690328,8.296574842,7.998489458,6.785839701,6.587384886,6.43163976,6.334652616,6.296043255,6.304490137,6.34579757,6.387194245,6.384918755,6.314937952,6.205127143
Thailand,22.27033595,23.215485,24.4769909,26.08554818,27.81678161,28.86308826,28.37289084,26.8259288,25.31442028,24.41647512,24.05164502,24.06707622,24.16310765,23.93455087,24.29714347,22.24812981,21.28296575,20.42140917,19.70558339,19.13885282,18.62367825,18.08144928,17.58957117,17.27852148,17.20129889,17.2528446,17.3244481,17.3346127,17.22504104,16.98045514,16.68070797,16.41252201,16.22688964
Timor-Leste,50.23496807,49.9743656,50.67288948,51.76038028,52.70923246,53.05606186,52.50424648,50.54768027,47.48155836,43.81712516,40.00032561,36.40002573,33.23065948,30.51832894,28.39153953,26.71684795,25.46441651,24.58965952,24.09772478,24.02954279,24.41485557,25.32754475,26.90068885,29.2360008,32.43293089,36.49813447,40.8169834,43.84490461,45.76637967,46.81699122,47.29434883,47.67484172,47.56477006
Togo,57.48192652,56.59480674,55.77857852,55.07506016,54.5065188,53.97407227,53.46260659,53.00310643,52.48074068,51.90815667,51.19768388,50.41883161,49.51921303,48.47026976,47.34751754,46.13690725,44.82491814,43.48680051,42.1239394,40.72872973,39.26708271,37.88564582,36.56679441,35.37977293,34.34475745,33.54545073,32.89009681,32.33538403,31.93126503,31.49090672,31.06297211,30.72763975,30.38524564
Tonga,10.25750378,10.42293962,10.6202106,10.84371174,11.1048771,11.3715585,11.65712445,11.98047491,12.33267559,12.7053526,13.09590621,13.48829028,13.84911688,14.14847548,14.3493747,14.40494094,14.32591269,14.08535024,13.72718674,13.3086712,12.87060691,12.4737498,12.13058762,11.85672116,11.65340029,11.47843373,11.34216054,11.23694626,11.17088236,11.12777942,11.04284741,10.95586424,10.88433445
Trinidad and Tobago,14.78755547,14.65043462,14.58638497,14.56089411,14.57091412,14.57920913,14.53148086,14.41338735,14.29070015,14.22507718,14.25038972,14.3774817,14.624133,14.96797295,15.40318293,15.95831113,16.67632011,17.47292147,17.97419742,17.76914341,17.03592902,16.23420575,15.66228325,15.35075381,15.31134106,15.49012969,15.83130814,16.25735382,16.67678652,16.91624766,17.06791408,17.10069934,17.07637766
Tunisia,15.70320374,15.20704428,14.75666571,14.34387747,13.96052875,13.59619916,13.26344133,12.95816813,12.66047691,12.35488732,12.04911367,11.74502003,11.451371,11.16434893,10.88886795,10.61263469,10.35388923,10.09945226,9.878355674,9.685455758,9.536414967,9.433394783,9.378059824,9.38857894,9.482782099,9.667366804,9.955459503,10.31808639,10.66183002,10.872035,10.96067008,10.97199071,10.92783781
Turkmenistan,20.34159329,20.59910589,20.85571629,21.10113443,21.33043216,21.53887983,21.71973385,21.8530437,21.88153335,21.73167174,21.38035191,20.94408781,20.52922887,20.14972329,19.75076106,19.28474781,18.68428509,17.90811097,17.0675516,16.31265921,15.73318997,15.3017404,14.99234686,14.76658478,14.57689637,14.3895062,14.21268633,14.03676501,13.90539171,13.79548816,13.69143959,13.61176359,13.51902723
Turks and Caicos Islands,14.18697334,13.71727438,13.27697769,12.85870823,12.45811275,12.07087089,11.71217899,11.36081799,11.04435254,10.74921135,10.46509634,10.20577759,9.961004112,9.728322421,9.51499553,9.327828667,9.165563685,9.029488416,8.89558323,8.774866707,8.673626115,8.570244032,8.484578903,8.397964485,8.320891581,8.25130498,8.191440153,8.109310917,8.016097927,7.918690716,7.806360611,7.693603342,7.570636111
Tuvalu,26.66953563,26.47948619,26.23219365,25.96355305,25.65166259,25.28988107,24.87444762,24.40976881,23.94015946,23.46718037,23.04773704,22.69290825,22.39079079,22.09982796,21.79518259,21.45044765,21.03325701,20.56499713,20.06237347,19.5396389,19.03978707,18.55373782,18.11038243,17.69148465,17.29562875,16.9317631,16.57379321,16.20248712,15.85323681,15.50628743,15.18256506,14.87508047,14.58840015
TÃ¼rkiye,25.46439072,24.43967709,23.62563137,22.83762306,22.07494881,21.34018059,20.54174656,19.75134845,18.95077919,22.52099963,17.32297672,16.49496629,15.66660327,14.8265099,14.00289716,13.19473064,12.3969024,11.62031019,10.88191908,10.18664314,9.542883671,8.952736668,8.428556901,7.992683874,7.657359505,7.381719553,7.679321346,6.820083834,6.568553215,6.400731008,6.335854289,6.382433515,6.521180454
Uganda,75.10190585,76.17373258,76.9473534,77.39367567,77.29472761,76.59927319,75.39758848,73.65501887,71.59841582,69.15678536,66.43199543,63.54358921,60.53550964,57.55649439,54.75407913,52.14789388,49.81315057,47.83102943,46.14538576,44.84791408,43.85728755,43.20960806,42.90124204,42.87767838,43.03252563,43.42153393,43.725313,43.80520109,43.74839267,43.53150369,43.18252476,42.85313512,42.6159915
Ukraine,16.02626104,16.40543878,16.76019994,17.3811333,18.04099557,18.18370433,17.60412185,16.91626944,16.6750738,16.78868362,16.88311783,16.68834234,16.20493597,15.49805742,14.82555518,14.47252113,14.45498493,14.29080318,13.53907735,12.44192291,11.5028996,10.90759439,10.50684437,10.15547619,10.83529,9.302031423,8.768444031,8.289096225,7.961023752,7.815600054,7.859186257,8.062059024,28.5694738
United Arab Emirates,10.35985786,10.06321596,9.802057083,9.571753895,9.374527898,9.202152782,9.051335361,8.921263873,8.808620531,8.709439533,8.620600014,8.535364678,8.453037287,8.371052817,8.289029804,8.207729169,8.125161298,8.041759283,7.95635178,7.87086773,7.778944815,7.683861637,7.585396767,7.479665481,7.363616291,7.232501922,7.083493608,6.91934652,6.741072998,6.555903916,6.369407404,6.189685439,6.022104486
United Kingdom,7.457327821,7.302784345,7.109664572,6.924137086,6.797948456,6.74926402,6.720906354,6.660420241,6.564986725,6.458642184,6.350976694,6.229877843,6.086726905,5.927022685,5.767421265,5.615074526,5.460396834,5.291129623,5.083282482,4.812024015,4.492788478,4.206598741,4.012648861,3.905690975,3.858220344,3.850192656,3.860237967,3.865663991,3.848199438,3.789274003,3.688814921,3.576069646,3.488896906
United Republic of Tanzania,54.66071957,55.77443183,56.56559391,57.01500922,57.02937092,56.55417756,55.61553003,54.30119386,52.75244124,50.97705654,49.13666863,47.20136373,45.1769882,43.06359047,40.99228882,38.89753945,36.90839837,35.10261916,33.55559398,32.32703799,31.39441537,30.69469012,30.16144694,29.86211601,29.64887947,29.42106058,29.23047407,28.94544972,28.62983693,28.33126025,28.09612352,27.77712304,27.48579181
United States,12.29232751,12.16578269,12.05969711,11.96271193,11.82377233,11.55468521,11.14108743,10.69323553,10.3154213,10.04065275,9.867078752,9.783056599,9.758536034,9.760269204,9.751647913,9.696159961,9.561733616,9.315121576,8.947830258,8.527367037,8.155524019,7.898318956,7.777158497,7.816124272,7.963486123,8.137356357,8.284594231,8.417808406,8.560408002,8.812502429,9.314243843,10.1177012,11.01218821
Uruguay,11.36788447,11.37529734,11.47307049,11.62222866,11.79914538,11.95007359,12.02495989,11.96333723,11.76211139,11.40786523,10.96223805,10.5039224,10.0871956,9.767696395,9.581354479,9.536829226,9.629193148,9.851838075,10.15510736,10.48965105,10.78077221,10.95302335,10.95535886,10.84961954,10.68872226,10.53809693,10.46023918,10.47415023,10.5534935,10.65678737,10.77956019,10.91672514,11.05674224
Uzbekistan,17.8197986,18.0819512,18.32309341,18.44875512,18.45793364,18.39343299,18.27598737,18.06947086,17.75015077,17.27273123,16.59350383,15.71247816,14.70486841,13.6584324,12.71090163,11.99349391,11.54810765,11.29557352,11.16182751,11.11188422,11.12219328,11.18271679,11.2842829,11.42358358,11.5736235,11.69899498,11.74039612,11.62023137,11.27572075,10.8449212,10.53612748,10.43532028,10.43514536
Vanuatu,20.99521821,20.47960906,20.02311725,19.63421271,19.30522295,19.02158486,18.78119798,18.59137728,18.39831623,18.22352302,18.05222939,17.89708914,17.75931092,17.63771417,17.51262518,17.37708202,17.18860506,16.94913419,16.64983986,16.32221146,15.98309829,15.66430728,15.37774343,15.14625169,14.95886453,14.81997007,14.7083125,14.575267,14.39635071,14.22713578,14.00824553,13.78913155,13.5576015
Venezuela (Bolivarian Republic of),16.6700233,17.47983551,18.23240054,18.75121378,18.88762299,18.52649771,17.82675607,17.38082207,17.71040881,18.85743557,20.65787453,22.80808008,24.68526699,25.5260966,25.54263921,25.57470345,26.1059354,26.82837801,27.37212846,27.64265049,27.69893196,27.68204359,27.80225967,28.2607133,28.91794442,29.4682978,29.71694722,30.8128859,30.92677017,30.04514206,30.30427713,30.71558564,31.24450374
Viet Nam,22.84410179,21.89917274,21.00825468,20.12620026,19.28378879,18.51195253,17.76670507,17.07719805,16.46150761,15.88071435,15.35446039,14.86872251,14.44006274,14.02236325,13.63180005,13.2572719,12.89344038,12.5365322,12.18933144,11.8546929,11.53299234,11.22388791,10.93543084,10.66489771,10.4150644,10.17880741,9.957980228,9.750959773,9.553316913,9.368051825,9.183185682,9.021565695,8.885867332
Yemen,33.48768849,32.63492848,31.85153647,31.09534919,32.33759282,29.7341105,29.09509828,28.45069282,27.75675677,27.03478226,26.2999069,25.56577726,24.83458672,24.12089575,23.45592945,22.84221159,22.25392479,21.71950417,21.24718271,20.83535219,20.54351092,21.23112441,21.50812578,20.512141,21.26837386,28.80924445,27.78785088,28.61590928,36.16852582,33.15537509,29.2610178,31.39182533,23.44997364
Zambia,74.49788822,75.1456397,75.60286926,75.79137524,75.64545879,75.14193374,74.10268738,72.72918838,71.14433711,69.33770197,67.41281073,65.31867073,63.09321534,60.90066313,58.55833618,56.24531345,53.96761444,51.74935864,49.69529162,47.75678599,45.88739179,44.09202282,42.38125998,40.70484575,39.05417463,37.51989947,36.03682792,34.66888488,33.48971371,32.60113196,31.92126135,31.39945968,30.97806219
Zimbabwe,34.85319766,36.29714395,37.86912344,39.56754421,41.29440325,42.98677606,44.56870401,46.05403973,47.30839676,48.37907029,49.13280045,49.61553704,49.77509684,49.65915558,49.31979476,48.8312086,48.15616069,47.38108123,46.41939891,45.35429403,44.21101244,43.08478998,41.99478364,41.03859282,40.18953225,39.44858822,38.85876565,38.34153994,37.84518272,37.41658863,37.07055367,36.89465785,36.58424599